user_id,name,profile_pic_url,profile_bio,registration_date,last_seen,date_of_birth,phone_number,city,state,country
1,Tracey Montes,"data:image/png;base64,iVBORw0KGgoAAAANSUhEUgAAABAAAAAQCAYAAAAf8/9hAAAABGdBTUEAAK/INwWK6QAAABl0RVh0U29mdHdhcmUAQWRvYmUgSW1hZ2VSZWFkeXHJZTwAAAKtSURBVDjLpZPrT5JRHMfdetn/4evet3QrhGayZathrbwNppMU8ckFONEhoiGFeMNL4o3yBoi37lQQ89rYypaLIitTQVSUWKC9+Haeg5P5svXi+5zf7/t8f59zzrM9SQCS/kf0MeAKKfudodWe19vofhlE54sg2p4F0Px4A43T69BN/ET92A+oLd9QPexD5YMvUAx4F44Afc6dYCT6B/+iW73LsSOA6dUWNWEWAQNCoDcXMN0AOrKAtstAIx9o4AHqs0DVGZqVdH3AEaDLETwEkGGHHHheDjyVAk+KgclCwJ4HjF4DBgms8jTNFhnfJQDt5L7HTtCfD/SRoZ4coPs60EmG2wVAKwG0XKJZYbMnAWghH4s1H74JsCaG3X66jszEe8tsvLfPxdfgXhQ5+sUEQD+1hvDvAzpgYTW7CetsALb5AOxEUvtNlIwVodhaiOm3fnzdCOOqdi4B0I2vYo8AbPOb8Z0O18nF+AmYcQla39+DZExM+89re7iimUkA6mzfsRs5wMTiJmwzq2CaS6GuV8NkMqFGcweMWQJmVIKKGgX1tFodsuVdSElJOUkBqpEVhH7tY2phnQYMBgP8fj98Ph+cTifqG/QwtnfC6/VSz+1200xGRoaWApRDPgpo7JnAbZkCnqUl5DO5JHABIpEITU1NkMvltObz+VDXaiiEYZhdClCYP2GHAMoq6qDRaCggFoshjcuDw+GAx+OBy+WC1WoFj3cega0wBahUqigFlPctYzscw/1eMySSUgqQVSjB4XDA5XKRmZlJxdYcThqUVdUUUFBQEKKAMtNHd0nHUiRb/QgXs/KgvWuAecgCm80Go9EIqVQKmUxGa9YzD1qg1ekPyHWWj/2aycnJJ1JTU0+lp6evCIXCiFgsjhLtCwSCbKJzpA6zHvuOzbDZv+ti+O9p0FSiAAAAAElFTkSuQmCC",Multi-lateral zero tolerance framework,8/5/2023,7/2/2024,9/2/1962,(505) 9863722,Albuquerque,New Mexico,United States
2,Lizbeth Neads,"data:image/png;base64,iVBORw0KGgoAAAANSUhEUgAAABAAAAAQCAYAAAAf8/9hAAAABGdBTUEAAK/INwWK6QAAABl0RVh0U29mdHdhcmUAQWRvYmUgSW1hZ2VSZWFkeXHJZTwAAALZSURBVDjLfZJrSJNRHMb90Jfoe+GnPkVBF5GKJIKS0gqFbnTX0swaSkqWTdJIBXXqygtMFPRDC29lmuYlp6mgeTfzthTHnHObuoub0/fitvd9Ou+KpWYdePif97z/5/d/OBwvAF7rRWk/hlCq8gZqqkS7PJLH2AZSWWvXM4ul/dHIUqc4eXO/Z0Nrarxp9YcmVtcEp7kHrpUf4JhZ8KwWLtsk2JlGWFqisVBzTW1uEx/YAKBm63asTsv7HaZOcGtaIg0xT4Cjh+Fa7SPqIWdK8A4T7P250MlPWxbbEnZ5AKvKwkx2rp406MGx06TqwLtsAL/mFu+yEtgonMv1AGeB8VM0dJU3Gj2A5SGJzmkdJb3TZNIMeKeZmJbcRrecJvJPQwCfiSrA6gegyvdjPIClr4lrHD0DF9ULFz1E4itJ7DG47MPE0E/uoAtOuwKssQCMPg7cqhaTmb68B2Bui51bW+wj08fBzCWRCemw1obB2iCCtT4C5rJgMLpUUKqbcJiywGgHMJV9+E8Cc0eCxNqbTeKawcyKYSzyAT0bT/QUlFpE6hMY0rdjZSIQPK+C/l0s1EXB7R6ArTt522KDaHJlvJRcoAqmN35uM62LAqUNBa2Jw0LeTnBUB5a/VUGZvJfVVcfu2fAOTF8SfOarQkwrY2WwVUf+ApDJgpnWPEZN8WXEF9zGg9cXEJLmz5xPOJS0ASDI2Bx/RF0ePm8oCQTTFgTOcBac3h+1lZeQ8j4c9eMyfDcokNMShes5B3Es2lvqtflptpenBclSIhxvZc9RmHUc0pdHcSc9ALVjuahV5kNY0tZI5LQ+FADMXwBBL8Qirby0DHJ5BQqLShCc6IvG8WKsX3WjMgGALQHimLvdLa2tMBpNGBwcwomY3chW3EOGIsxtzmgO+3+ClnJJ6NWL56iAgDO8v/9J/tSt/c4r0n14pbjvnixU4XvLO/iXSLOEyC7E/l0lwvlPxOcI8qKVSZYAAAAASUVORK5CYII=",Enterprise-wide dynamic solution,7/6/2023,9/21/2023,1/24/1991,(425) 8838387,Seattle,Washington,United States
3,Leann Tomasian,"data:image/png;base64,iVBORw0KGgoAAAANSUhEUgAAABAAAAAQCAYAAAAf8/9hAAAABGdBTUEAAK/INwWK6QAAABl0RVh0U29mdHdhcmUAQWRvYmUgSW1hZ2VSZWFkeXHJZTwAAAG9SURBVDjLpZO9apRREIafDVuIhMjGhPwJukashNjoNdgIqQQbG8U7ECy0i4UXIMQLEKxtrCwsRMRKbBSCoBhQwRjwZ3e/M/O+FufbTYRYZWA45wznnXk4Z6Zjm8PYFIe0LsDDG/1pm03jy5gpAzbIxga3q2wMv2Q/uPXo8wZAZ/P6qVmbrd7iyd7cUh86HWhFMvvcpKBE4fv2B358+7Rx+/H23a7Nq+PL/d7c8ipf3r+kjH6jhDSkTAjCRoISZmbhNDMLq4S4c+/K8rmu8fzahYu8fvaEwc+dKm5FIZMJIVMSIsXu1ltmhw1nzq6x8/XjeteG+ZVF1q/dRKMhVqBInElG4igoApXxPlEJpo4t8eaF6drgEIPdd6j5g0KoqCYpSRShkq0LlZps+ugJZOjWxxEuSQ6zVohETZIh1LTiNqYQGTVmtwQqiUZBjgKVICfVsj0Ll7GwpYvcI1AkOSyUYTkQN4twCjWB0jgryYTAjYhRkIPyH1zVilETOV19QlCSHAQ5bA7GTaEUDuFxZ9EmsCGLOLJyvv5AGmvvstVWlGt/7zNjOvevrjy1uST90+8Hz4HBVYkrwfPOYcf5L9lR/9+EMK8xAAAAAElFTkSuQmCC",Customizable web-enabled success,7/25/2023,8/2/2023,5/14/2000,(817) 3887282,Arlington,Texas,United States
4,Lars Franks,"data:image/png;base64,iVBORw0KGgoAAAANSUhEUgAAABAAAAAQCAQAAAC1+jfqAAAABGdBTUEAAK/INwWK6QAAABl0RVh0U29mdHdhcmUAQWRvYmUgSW1hZ2VSZWFkeXHJZTwAAAE4SURBVCjPZdBLSwIBGIXh/lHQb4guyza1CEIqpNoIQdHKXEQQrkS6IUSLFhYFtpCIwUAG07IstTTnqjNTjnSRZmPg4m3lpYZvd84DB74BBjq36zkXk07CORB9nl7aVydtkwZ1NKL2tMcFYqLJOxYGb1QIiC5w5dhYGOgo6EQcFxCcOjV0VCRUdtxgX1R4RaZClTzz7okF/2FLo0SRChvtkdA/sDl1Wk6RQuASAYHg54S/D6wPnjzrNLAwqVJBJsfax/BoFwQjZWw0LEx0SmQocsGk2AVHko6MhoGByhMZEqSZ++qCs5bBLSo1qkgUSBMny1K7C45/qtwho6NQ4oFr4mRZ7IGwmqWAjMILee65IUWMmd6Ed3xlL4qEjkqZR9KE8X2PDf151Kq9ZW03Q+1Ae7np1WZznfwXGfNkzblrzUIAAAAASUVORK5CYII=",Synergistic maximized Graphical User Interface,7/19/2023,12/23/2023,11/1/1996,(843) 8854362,Myrtle Beach,South Carolina,United States
5,Umeko Matveiko,"data:image/png;base64,iVBORw0KGgoAAAANSUhEUgAAABAAAAAQCAYAAAAf8/9hAAAABGdBTUEAAK/INwWK6QAAABl0RVh0U29mdHdhcmUAQWRvYmUgSW1hZ2VSZWFkeXHJZTwAAAH3SURBVDjLhZNJjxJhEIb7T8xVw78g6fh75mJGY/SqTjRGTXTcbu7xxtItPew2YxMgbGkCNMgSQkgDAiHRKNpkWPL61ZfQGcLioS5V9T711tfVQrVaRaVSQblcRqlUQrFYRKFQgK7ryOfzBwCEfSEYhoHlcrkRvV6PQzKZzF6IQJNJYJomn9zpdGwI5ZgLJJPJnRCBLFMzTaNELpfTJ5MJ5vM5zxMwnU5D07StEIGmrhqZ+JxZNqfTKUY/u4gbMq+1220kEgnEYrENiECTV5YXiwVIPP71Hc9Or+ORdAjNkHit1WqRC0QikTWIwHa0xuMxb5rNZhj+6OLk9Bpef7mN92f38JyBVpBms0kuEAgEbIiQzWavsB2t0WjEm76ZOTyWD/FWvYtP2kN8OLu/Bmk0GuQCPp+PQzgllUqJbEdrOBzypnq3gKe+I7xTj23IiXKEWMnF67VajVxAkqQDe5d4PC6yHa3BYLAB+fj1AV4Fb+KlcgvzxYy7CIVC8Hg8l9delO0nqqpq9ft9G/Lk81W88N/Am+gx/vz9fVHssFe4GNFoVAyHwxZdIrdr6kx8B9Nzyxa73W6H/YjbjiMYDIp+v9+iS1x9YhKz/Jp4J4BCURQne2mLDqxer28V7wVQyLLs9Hq9FoldLpdj6yn/73dlU51MfGlX/R/5GCirExPTUwAAAABJRU5ErkJggg==",Operative client-server collaboration,7/4/2023,9/28/2023,5/14/1999,(603) 1792495,Manchester,New Hampshire,United States
6,Maureen Adney,"data:image/png;base64,iVBORw0KGgoAAAANSUhEUgAAABAAAAAQCAYAAAAf8/9hAAAABGdBTUEAAK/INwWK6QAAABl0RVh0U29mdHdhcmUAQWRvYmUgSW1hZ2VSZWFkeXHJZTwAAAHtSURBVDjLY/j//z8DJZiBKgY49drM9J3idhLEtu+xjvea4nLNqsVspnWr2S6QmF6+Zol2ltpq5QSlmcpxijMxDABp9pjkuMuu28rIpsMi3rLZFKzIus38mm6OuqRxpf41nC5w7rOJd+i1ngnUXGLTbj7Tsskk3rbL8ppZreEu7Ry1mWpJSvHK8Uoz0TWK5U/nYIg8y8rgPsl+l12P1WqgbTPdJtk/AtoWb1CkBdagnqyyWilawVM/Rw/FBQyx540ZGm/eYIg8P43BdYLdSZiEcYXeTJB/TaoNroH8q5OldVIhXE5SKUqhXSNRfZdKvPKVkOrED+L9d/8wN998w+B4XIL40I48K8FQf/O6+7In/7mbb35hsD2qjBKNDLU3ExjKb7pi1Rx61ke89+6fwBVP/jPXXn/HYHlYGiMdMJTe1JJc/PgHQ/X1xQyplznBYuFnmRiiz062nPfof8DSJ/8ZSq8/ZzA9KIEzIQE1Vvuuf/6fufv2M4bgsz4MxVdPui8Cal4C1Jx/+RGDPqpmTANiz7MAvXI+bO2L/5ZzHvzP2Pjif8DCx/8ZMi/fY9DcL0FUUmbwPKkg3Hr7T+WOV//95j/8z5B6/jaD6l4JkvIC0J9FTtPu/2dIPn+PQXG3BFmZiUFzbweDLH7NVMmNAOGld33BRiNUAAAAAElFTkSuQmCC",Networked optimal emulation,7/5/2023,7/23/2024,6/19/1998,(347) 7983338,Brooklyn,New York,United States
7,Sally Catonnet,"data:image/png;base64,iVBORw0KGgoAAAANSUhEUgAAABAAAAAQCAYAAAAf8/9hAAAABGdBTUEAAK/INwWK6QAAABl0RVh0U29mdHdhcmUAQWRvYmUgSW1hZ2VSZWFkeXHJZTwAAAK2SURBVBgZBcHLjxN1AADg79eZttvddttll+WxIGrAV4QYTbxoYsSLgjc5arx68qCGf8G7J+NBEg8e9GqURDEmEiOJAWNUwIi8sryWDbSdmc60Mx2/Lxw78caZ1fXVo1EUAYAAACAIgICymrt/7/6P8er66tHPPzklNIJyPgNAENRqAWSzBEFdN9TzWq3y0ckPj8ZRFKmUwuxL6fcXrJzJbJ18xFKv6/LlX1xMP3Nra6jXW3Z3eyiKm0Zp7t1jtWYcaQAMh9uGT7eMkkR2+m9JcluSJEJxQTEZm2Rj00liMkmUeSqEOYI4APr9ndQzi+/v4OPz2m+tWd+zV2d2xaQ8pDfoaUUNcbMlyXIhFAgaQDAcDiXJ2MP1ymilNPn6X6q5OvvZrEhk49SsyBR5alpkQqhBDNDvr1PPDPrLhu89Y+XTbeUre7TXCo9MtzW7+y22I81W0zibYkSgQQB5XkiTzHA0NF6qPHiC/Iv/1FWuMf1WPklMi1SeJubTVABBHACdzkB3OdVfXgbNtx/V+eCsuDpg7+pf8s7ERvcP7daW6eSaqPGOgDgAxsNUkhRI/bZ5x41Zw66DlSdPXbZ5PLUr+kYx+slg8Yj2uW1hNRPQEIKA5cFuFgZ+z0rXpk2DwU53XjtgX7xisrXXoDuycX1B54dLbrQqdbMFYqjr2rmbV13YvKTb7cnzXJKkkqLw61MNh7+6Ijl/3eZK0+3nHzdqBvtbbRAHZGVqq5ppt7qWOn15MdVd6Or/ed2+W5lWkwfPHnbzsZZ2e8HStKCuQUwQQkPPsknItKuOxdC16+I9rc2Jqy8dURxMvHz2oX/27xa1m5irZqWAuCwrVVXZ2PGcjVUCCMIhvMpaCCC8OPdCNBMttESNSDWvlFUlvHni+Hc719dej5oxggAIAAAIAIGyrGzd3Tr9P5JrNp8Zt4rCAAAAAElFTkSuQmCC",Public-key actuating emulation,7/18/2023,7/18/2024,7/2/1953,(630) 1165469,Naperville,Illinois,United States
8,Caty Geekie,"data:image/png;base64,iVBORw0KGgoAAAANSUhEUgAAABAAAAAQCAYAAAAf8/9hAAAABGdBTUEAAK/INwWK6QAAABl0RVh0U29mdHdhcmUAQWRvYmUgSW1hZ2VSZWFkeXHJZTwAAAKDSURBVDjLhZNfSN1lGMc/7+939ORU1C0iszwSG2duOFqNBQ2meJUoY4MixiiKiCCGMMauZYJ00252uYIuRlsgKJRsDLE/VBIhu3B/knVmInpy/jnrpB71fX+/99uFO3KkrAfei/fh+Xx4eJ/nNZIoRtx9Vq6xCTs0hCTwHnmPJOQ9ya4u+PYHKkdumSKToCQURVvFRXBLUhRZV4oQbBO4aBOIYxTHBOlVyt6Y3brL+/8RWIesJdi3D8UxiWN5glfrYM8yQToN6+vI2v8U9JrZLGFTE+HLKcwLqwS72wmOGRKpFP7X35B1vTsKktev9ZD9o5epacJX1gga3iKofQ2lsmjiAXow2Vt773ZPKWMk4X5KVUhhWl6hF/j+5z5U2+IHZUcvQFCOnf4SNzD+tVrDi1KA9yJ2hYX6N+enjSTs9/Uz2tXcIPFkCiKoOw67Usg9Ri6PWxonLswjDN457PIUNrf4jpFEYcCc8I4vwgMfVSUaTiM7h7eP8S4HcQEUgUlgEtX4yJEfu0Zu7O5XJDljiouUv2r2+pih8v2n0uHzJ5F9hKJV5AsoXgMTEuWyzN3sj+0yPYcuq2/bI9a8rQxJjqz/Pjjo/7oPEtIG8hsgiyHk0Tf9ObdBRxH+xxTqTmvFVFQOu3wGGUAegwFtLhEhKy2faHjHMQKIpzrL6l7CmASKImwuiynbTVBeQ/kzzzbeuWhaSuu3/YWlwacrvGgPaw+Q/+USS6OjGQw/Vqb3vlu9v41k/UFyD+c6gTv/2kEcR62m6sWKhaHzLHw3eiVyHG7+WO/9OZHpmBz4bNauWdZX6dzesrR1Zj7l/Uwfk3fP8XppXhI/d1MzcobPb5ziXmn+b0pcjPW7AMpFAAAAAElFTkSuQmCC",Balanced cohesive core,8/5/2023,1/2/2024,11/7/1970,(915) 7796091,El Paso,Texas,United States
9,Mikel Birkinshaw,"data:image/png;base64,iVBORw0KGgoAAAANSUhEUgAAABAAAAAQCAYAAAAf8/9hAAAABGdBTUEAAK/INwWK6QAAABl0RVh0U29mdHdhcmUAQWRvYmUgSW1hZ2VSZWFkeXHJZTwAAAJZSURBVDjLhZJLSFRxFMZ/995xXpYzaRn0AsloEUlQLSwqS5ShhGjTwtpZ0Toogly0iB4uWrWIVkLgvsVEi4wKsUULIwQxLGyU8TE6vmbm3v+9/0cLnXA06ducA+c7P74DxzLGUKHB3sPALZQ6h5HHkBKM/Ib2PyH8V3Q8GF1vtyoAg713UOoRsWSMSBQsB4wCtwD+EsxlXEzQzZVnzysBg71hjHlDtDpFVQSWcuAug6XAF6B9cCIQr4FCHhYm3iHEZW689m0AlOohVp0CIDeu8BZa8d04bXctLnVbiGKchalWJocVSkF4ewpRfLKa4OPLo6CHiO90WJ5QlLyDWHIe6d/HBBfWEnxAeE9Rfh2B+El9o0NmSKGDphDK7yKadCjOgldqRwuJkd+JJRso5MGxIVTTTDHfiRBnUH47s2P91O13mB7pslHe6t2FOQjcLwSl24RriuR+9bE000I+28L0jz7iu4rI0nWUO8jitCS6DdxSKoRwG8BAUAJfiJE9bTlL6/HF2vMdWutOpRRaa8JefkbUttW3DD0WBH4BnCTa3xtCuiAFuEVQXqhQtePqseMnT7NZu/v73zfheTaOsbA0WMYJUVzJMDXaiFdwkZ4h8E4A9LydrNi+d3EftrdyCktaGLPM768JIBPi2otD641iYCBS7s8eqQdgfN4HwLUicR4OS+BA2RPamFMp9bcfm/UqZlLKTXdtApRNN5urgVVY+d3Xw8uyt0pg2zbZbJZsNott21sC/pVgEUgmEgkSicRG+OJ/AUqpdDqdblNK1Zd/YK0WtNafN/r/AJRSSvzM+v9SAAAAAElFTkSuQmCC",Triple-buffered mobile conglomeration,7/8/2023,8/10/2024,10/8/1993,(815) 7382293,Rockford,Illinois,United States
10,Carlee Lambrecht,"data:image/png;base64,iVBORw0KGgoAAAANSUhEUgAAABAAAAAQCAYAAAAf8/9hAAAABGdBTUEAAK/INwWK6QAAABl0RVh0U29mdHdhcmUAQWRvYmUgSW1hZ2VSZWFkeXHJZTwAAAIdSURBVDjLjZO7a5RREMV/9/F9yaLBzQY3CC7EpBGxU2O0EBG0sxHBUitTWYitYCsiiJL0NvlfgoWSRpGA4IMsm43ZXchmv8e9MxZZN1GD5MCBW8yce4aZY1QVAGPMaWAacPwfm8A3VRUAVJWhyIUsy7plWcYQgh7GLMt0aWnpNTADWFX9Q2C+LMu4s7Oj/X5/xF6vp51OR1utloYQtNls6vLy8kjE3Huz9qPIQjcUg/GZenVOokIEiSBBCKUSQ+TFwwa1Wo2iKBARVlZW3iwuLr7izssPnwZ50DLIoWz9zPT+s/fabrf/GQmY97GIIXGWp28/08si5+oV1jcGTCSO6nHH2pddYqmkaUq320VECCFQr9cBsBIVBbJcSdXQmK7Q6Qsnq54sj2gBplS896RpSpIkjI2NjVZitdh7jAOSK6trXcpC2GjlfP1esHD+GDYozjm893jvSZJkXyAWe+ssc6W5G9naLqkaw/pGxBrl1tVpJCrWWpxzI6GRgOQKCv2BYHPl5uUatROeSsVy7eIkU9UUiYoxBgDnHNbagw4U6yAWwpmphNvXT6HAhAZuLNRx1iDDWzHG/L6ZEbyJVLa2c54/PgsKgyzw5MHcqKC9nROK/aaDvwN4KYS7j959DHk2PtuYnBUBFUEVVBQRgzX7I/wNM7RmgEshhFXAcDSI9/6KHQZKAYkxDgA5SnOMcReI5kCcG8M42yM6iMDmL261eaOOnqrOAAAAAElFTkSuQmCC",User-centric tangible portal,8/10/2023,1/29/2024,10/17/1971,(520) 2540822,Tucson,Arizona,United States
11,Clyve Kubacki,"data:image/png;base64,iVBORw0KGgoAAAANSUhEUgAAABAAAAAQCAYAAAAf8/9hAAAABGdBTUEAAK/INwWK6QAAABl0RVh0U29mdHdhcmUAQWRvYmUgSW1hZ2VSZWFkeXHJZTwAAAHnSURBVDjLpZM/a1RRFMTPfXv3L5sYIXYSxMbCWsTCOo1JGlPYWKeyshE7v4JNwCZfQRBBBBsLERsbv4K1hGz23TMz91i8t4muleQ0h1vM3B/MnBQRdpVJz78c3Y8wq5KJMlJGyOg0OAyrXbr9/tmnr38a5IjYFOtnUUawE+NvkZfVGw/XCTIhE5Ums/GL0WRklZckWCM5P1vuHBzvPuhJXvUGNEJpPB3d8sLXgoYEh6IGdGYAGc4Gjrw4XbbD0eA7Ch5fEMBpdCY4Ex2T2cb0TcQ4VSqRSiQToUSnTefTiailt37t4Hj3GxyWUWBwNMTY4Byb2Z2zX4uXVdoi61zSlqg5wZkv/UatsShLH1iynyjYz966oSMwFI4IWUS9LdWNKm0ImhEYwzV050xSeMHALBovsFzajgAFqRSfEDSx3hQ1AzShYwTnAI4BWh+SGnoLC4uKQusJcK9dtNuL0+XdzetzK63vEMwXwi7GhAITa+PFI8IqHJbfHn34aGZ2eLL3pMnNDxRYlYogEWzgSl0KNDgrnIHOgAQtr+LoSR5569ae+7YXJDhq/3ugIAAanQFnNTMQtLR+C4cnewHHOxQEHOGFtTOg4BBBsaMLUU/zejUvSMpllVf3QO+r3re1Sv8S/O80dsX5DaeOJ5G2UDDRAAAAAElFTkSuQmCC",Configurable motivating hub,7/29/2023,7/20/2024,1/6/1981,(510) 8973031,Oakland,California,United States
12,Domingo Fessions,"data:image/png;base64,iVBORw0KGgoAAAANSUhEUgAAABAAAAAQCAQAAAC1+jfqAAAABGdBTUEAAK/INwWK6QAAABl0RVh0U29mdHdhcmUAQWRvYmUgSW1hZ2VSZWFkeXHJZTwAAADESURBVCjPvdCxqcMwFIXhw/MDF3HgqRIErEqdOlcijSqDcZPCYE+QCTSBJsgGmeBu4AmyyFnjpnjCZcrwtx+nOFB8Dl8Ba1lllWVTzNsoSWIZQnh6cdOxsHKRf58kUhF2X9xueYCFtwqiDFT4XmHvZj/AjfNrzCnHPLwCFa63cmaXDzBzrAtBPBUK03d7y2aqYGSqwMuFNpi7ou1/iVxBYqzAyR9NPrG9NuGHuCqgSCXKIGFTuM2Kke7RluaJB6bvXf25N1fx7E1Sq2rLAAAAAElFTkSuQmCC",Down-sized didactic monitoring,8/7/2023,7/26/2023,5/20/1965,(850) 9268908,Pensacola,Florida,United States
13,Alberta Juett,"data:image/png;base64,iVBORw0KGgoAAAANSUhEUgAAABAAAAAQCAYAAAAf8/9hAAAABGdBTUEAAK/INwWK6QAAABl0RVh0U29mdHdhcmUAQWRvYmUgSW1hZ2VSZWFkeXHJZTwAAAG7SURBVDjLjZMxi1NREIXPC9HCKGGN2MgWdio2utZxA0KKVPkBwqaR/IS0dqYx/0LIVpsuBMFKA5LdQotF1kJWcMvYmBfemzPH4r4X3+pDMjDM3MvMx5m53Gg4HJ5L2pV0OhgMHmAL6/f779I03Sd5WgGw2+l0QPIetrQ4jvd7vR7iOL5fJXkymUweXb1+OzparCQATiCPDsAFkMDz5rUIANbr9dvRaPTMzN5HkgAAR4uVdmoVQKFJHhqlEC9+Og6eBkDRqnlCD8V5Q+4S4A6Yl4+zAeSFyiS7/wVhOWEzwuGHlW7eqEACPp0vgyoJJCA6zAE3hxlgJF4d3I0uKTABLIxwZ+dKUOECXXCGSApff6QlO2BBNpWdBXcHHSAdZAAkqZcABFwsHXQPxS44HSSyuz9K0lT/AopP9PJwKZpvJNMdbgp7oMOsBFA0M8EKkjc7yHIz/h+QJoRZddNoVLZMhxOXFXS73UWSJHskj6fT6RMASM1x9v0XUgdoDiNgRjjD03588wK3Xn+RmZ2h3W5rNpup2WxKErbxRqOh8XisWq2mqNVqHSdJ8pjkyXw+39vmN9br9c9m9pDkt98JJaJgEg+kbwAAAABJRU5ErkJggg==",Extended next generation local area network,7/13/2023,5/27/2024,9/1/1997,(419) 8329445,Toledo,Ohio,United States
14,Adore Le Strange,"data:image/png;base64,iVBORw0KGgoAAAANSUhEUgAAABAAAAAQCAYAAAAf8/9hAAAABGdBTUEAAK/INwWK6QAAABl0RVh0U29mdHdhcmUAQWRvYmUgSW1hZ2VSZWFkeXHJZTwAAAInSURBVDjLpZNBSJRBFMd/37papinFUgZmYESIFiGRYdQhynueig4eomNE0NmDidc8du7arUNFKJSpIKQHAwlNKkUzTVdd3W++mTfzOuxK2RoEzeENPHi//3/mvRepKv9z0gD65aVK7geqFhWHeoeKRSVBfQLO4MWgEoMz1HY+jXYDvFDecrOErgoRFAOgkH12q9RBsr5ApSoa4kI2AtUARCi/CFFqH+riPZ4gQrBLSG4MQoKqLdzBQjBoMGiIqcjcILj8HgCfAIIGA+qKRb8XGzTkQQW1eziQrdWC5V3KMSGYIiSGEBdEZLsUELzBzLxDkk/gLajgzSb7TxwpKAdDz8QUWfOAR3/8QQrAx6vI5gLVTbepbuniwOlrEBzq8xDyqM9jxFKfaeJ+ZXmpg0gVtzxJdmCYmva7RFFEz/c5WJrFBsGKcOzQKZrq2siZbTr665wRWzH0cE3TO/0+2NbF2kA360OPqb1yDwmW681deA344AkoixvznKm/xJaN0+Nzb+3Z3lRFGgAxRGUpqlrvEE+9IDf6HCMWr4GvqzO4IEhwOO/YTHKcO36ZLZdPj30eNsU5MGRf9aNiUBdj4w+Y2irEC0drGpDg8Rr4tjHH4eo6JuZHGJkd/miF1uhvy9T5pNEba7HBYsRyMtOcutjYwfu5UQanX09a4cJinybRv25jS29q5XzD1cyb6cFxG2hf7FNbbMC/ARq7oxUfyjJx8OXLfSo7+Z9JyXr5I2wfSAAAAABJRU5ErkJggg==",Inverse national superstructure,7/4/2023,10/8/2023,8/17/1984,(212) 8337327,New York City,New York,United States
15,Grayce Ofen,"data:image/png;base64,iVBORw0KGgoAAAANSUhEUgAAABAAAAAQCAYAAAAf8/9hAAAABGdBTUEAAK/INwWK6QAAABl0RVh0U29mdHdhcmUAQWRvYmUgSW1hZ2VSZWFkeXHJZTwAAAKfSURBVDjLfZNLaNRXFIe/O//JTCePxqQiRq2CDcQkGFoQF0VaCS4MAVGoiEhDpEigi0JxXYKhthTaTRcuVOhCIgXBFCtVCLb1laoNKkl8tIyPSCoTY8aOJqP538evixiZUOKBw+Uezve7h3PONZKYs81fntPuLfX8MZonOOF9wPtA8AHnAhveeYsDvVcZPPCRmWOSlFjwnhCEsy9BN3t6N+vOCe98KUKi9PLqNetxsaex7BIdb36FjT3W+lnB1wkE55kuWpZVpbGxp7X8J9bV3mGpbvN2dYap4gzev7YC3/Pn8DiL00maa56yOjVEoraVTZVnWFKR4vK1MYLzPQsKnPumrXvk74mey0M51pf/RrJuO4lF79Oc6OfK9VGG/8r13Ort7C5ljCTsxVUZKWpQUBQEX1zs6OpqOb1nZcseSKSIH/zIkfPRzzuahvZJCUIQ3hYn6rY/emAkEZ+tG1N543IJJKEgEjUfQPkqZJ8gW8BODuGLjxCGYC3xs/vE+ccdRhLF42ZLsPRGTZ9WJpfvRHGOED8h2Dz4IsiBSWKSVQRnKQweJT84coI0u8zcIhWOmPrgOZlas60hWrEVxePITaNQRP45mAiXf0ju1DEfP6O75Xvtn9fE6o+VJc26F/f6+sLTmyAhzaAwA4oxRIz/eixvZ2ibg/83hZqdmjKZin5byCIDKGAwII9CgIiptd+qf8ExAog32stq3sWYJHKOOP8QU1ZLIlVNasnSlcP7zNrS/Hl/YbJvcSaI1mhRE4Ur3zE5MJDFcKGiob6zas1G0nXN5O/k2oHhBTbRfWgqV2cmTu5l4veBg87yXuPX2v3v7Wzb3eOH/4mfx7yYpn1+ydIrHzvEJ9n93B35nM2lcUlc+ozqM7v44Zdt3CiN/wel+5Gy/cSN+gAAAABJRU5ErkJggg==",Triple-buffered non-volatile attitude,7/27/2023,10/14/2023,7/4/2000,(240) 9414867,Hagerstown,Maryland,United States
16,Lynnea Pascoe,"data:image/png;base64,iVBORw0KGgoAAAANSUhEUgAAABAAAAAQCAYAAAAf8/9hAAAABGdBTUEAAK/INwWK6QAAABl0RVh0U29mdHdhcmUAQWRvYmUgSW1hZ2VSZWFkeXHJZTwAAAJVSURBVDjLlZPbS5NhHMd3tbvyov6HIJRuhKAFgRci5GXYVQkG0c6HJGvD1FVMjdxC22wlQ9iG7uBh0rtDmxtb77vFoh2c7KgMtiGbU9xdgezb3hf0Ii3cxZfngef5fn6H5/ewALD+Vv8Upeh7HfzdM+pb4QwT7PPunOg8M7tlPh63JtE/4UM3f7WnLUDL3NE7vgmFKYbeF050Di3dbQvQSrvjzogTIm0Yt0WrePp25VNbAHcgrLopXMOgyo/uR8v4bAnAbrdLLwSIRCLK1HYaHKEdnQ9MuHZ/Edv5MpYcHljc1K9Fgvo+uxqanLYEr5wBhMNhZTqdRr1ex6jOBz8VxzONC+VyGQcHB5g3rcFGZWH+lscrc9ArWdjseqzzXWLMFEWdmnO5HEwbEYzpvmKZ+IFKpYJSqQS/3w/l+4XmlCXYnHGmMfTBOzyg9lxmkSQ5RpsbjQYKhQKy2Syz7u/vM0Z6T5+73W44nU7IlOrmS9tPPJn3VfsmXVdZLfKbra0tVKtV7O7uYmdnh8mEBtCwVCqFRCIBgiCg0Wggk8ko7sdNCMwJ3JogRpgSHA6HOhqN4ujoCIeHh6jVashkMkgmk4jH4wgEApibm4NUKqVEIhH74awXrfSPbyi+dJ020Wg0vguFQtjb20M+n2eixmIxBqDX6+nIpFAoZMb63owHHCXhOvOMWq1W7fF4UCwWQZdFN9RqtdKRSYFAcPonrj/fGPznIKlUKvX6+jrTfZvNBolEQvL5fPaFJ5GWXC5XGwwGiMViksfjtfcbT9Rq1gCXy/2vmdYfaGviUGKvapgAAAAASUVORK5CYII=",Virtual zero defect pricing structure,7/5/2023,1/18/2024,10/16/1970,(949) 6114479,Santa Ana,California,United States
17,Innis De Brett,"data:image/png;base64,iVBORw0KGgoAAAANSUhEUgAAABAAAAAQCAYAAAAf8/9hAAAABGdBTUEAAK/INwWK6QAAABl0RVh0U29mdHdhcmUAQWRvYmUgSW1hZ2VSZWFkeXHJZTwAAAI6SURBVDjLpZJbaJJxGMaHgdcFXURdBLtZrGitiFh0uhjRVRTVWI1as7mQakhjyyEkRAcaHSCrj0xrWGuuoVsr25qzfeYObh6yJJdzavoZs3Sy8PhJ8vR9EoHkotXFA/+b3+//vC9vEYCi/8mvh8H7nTM8kyF0LpoacCazLxzxbM/bb1S3OUo8GQtz/iggGfi1O0NaAzS8kQwCURqBORrTX9LQf5jHQ3KWlA1RnAUFeneGsATSoKIZOGdTsAWSMPuTsFNJeL7SEOoF4GtrUKuuShUUvJpKUd4wnYMtDDj5KQGTN4FRTyInOvH8MDonL6BKuRcFBey8fqYyC0/4Ehhn4JGZOBp1AtT1VkOkrYfMKIKgsxq7b+zErssV0TyBxjaf9UVomBh4jPnVyMCG6ThbGfKRVtwebsK1wdO4+JIPce8xbBGXI0+gMkWoqZ/137jjIBlY/zEGnqoO+2R7wGvfj/N9x3FAWonNojKUCUtTeQKlMUT02+fgCqVzs7OwzhnLyd4HU2xlCLsOYlPz+sI7uK8Pcu4O+EnNRAhWfwKOzym8Y2LyxCAf9GGHZDvKm9Zha2NptudcRUnBQ7rZ5+G0aVzEpS4nJelwZMXt9myL3Bpskyq9FmUzQuZu2B63QCXcEH50ak3Jb4KF0i+p5D5r3aYeJeoRNCgwfq8BCv7q8F8L2Dw9u5HbcWateuj6IXi0V0HUrsCiBGweNBRzZbxVasXJYkhrll1ZtIDNnaPLl9w6snRlwSX+a34AgPPwSZzC+6wAAAAASUVORK5CYII=",Public-key responsive complexity,7/19/2023,10/4/2023,10/8/1994,(701) 6928874,Fargo,North Dakota,United States
18,Morgan Conaboy,"data:image/png;base64,iVBORw0KGgoAAAANSUhEUgAAABAAAAAQCAYAAAAf8/9hAAAABGdBTUEAAK/INwWK6QAAABl0RVh0U29mdHdhcmUAQWRvYmUgSW1hZ2VSZWFkeXHJZTwAAAJISURBVDjLpZPfa1JhGMftuqvC41l1Hf0JrTtvuyropp8QOdCFWYJgoNC0yOwiiTFtYGCIhBXTs61yc7ZdzAhHiLpTFi21+fP4Y66ZLld9e1/rCIdVBLt4eJ/n8H6+3+9zDkcGQLaTkgzt+YEDYt+KsI/Efj3M7v4vgdaLgeMEbG/Msfs+h1nQZ83ZX+c/BQh0aCPCCrSn4Pos++NL8gzWZtj3jZCiJ1B7pghXnyp2/TUBiVmjbhTcKo+ju3ob3cJdEEgQphWoTCkm/5iAgCoKErexzoer+Jq7ic7bi+jwF7D5Tofup1toLp1AiWNUxSBzuBBg9mxLQGKyjchB4jhK4GF0ls+jkzqHdvIUmYfQyV5HPsB8W52Qn96WgOx2jMRstJaHifuN3/BZAp9E5fUV8C/HsBDh8Jx7sDX15F7Q5/MpJQJkv71kP2V5klnr5u9g880Q2gkKX8arhYfIZDKo1WqoVqtIp9Pw3HfxLpdLKVmhyDHXCkEGwpIKmZQPsUUO85Fp5HI5NBoNCIKASqWCer2OZDIJh8MxLhHITzCj9EzNXMLKykrPkV6mZ7lcRqlU6hXtqaDNZvtusVg8JpNpsL9L9rH86OKctx+XOoogrWKx2CtRJBaLwWAwePoCH/3yI6FQiKewKECj06KQWGISaqTT6ZqST8Jx3AjdkV6gbqlUColEou8ej8d7MzWIRqPQaDQeiYDf79/v9XpH3G4373Q6efKyPHa73Wu1WrNmszlrNBoDer0+pNVqm2q12qNSqQZlO/2dfwL4RvrQAqV2MgAAAABJRU5ErkJggg==",Integrated heuristic intranet,7/11/2023,9/23/2023,9/11/1961,(919) 4302679,Raleigh,North Carolina,United States
19,Emmett Denacamp,"data:image/png;base64,iVBORw0KGgoAAAANSUhEUgAAABAAAAAQCAYAAAAf8/9hAAAABGdBTUEAAK/INwWK6QAAABl0RVh0U29mdHdhcmUAQWRvYmUgSW1hZ2VSZWFkeXHJZTwAAALCSURBVDjLlZJ7SJNRGMaF/i3on/6wUDfbvsLpUiO1tItamRUISdmFYEYaGQaikNlIvIdOp9JSI0ssXOrmdH5ONzek29AmanPenU2H5rYyNZqa5dP3CY1EQzrwcHjhPL/3Oee8TgCc/kfDjQTZJ2Uvt4vcZXS9uUFO7BiUEx6UcfugnJ1hIn1hazqO5gzm8qYAYzNRRhknBmTEHNX114TiALRC5oo23xNSPqPxnwDKyB5REAuW7ngsWtVYsigx25kAa2MwDKXekKcyUv+c3cgcaWo7CFt/Ln5YFZjruoCZNyGwyDiYrvfHdEsoFOmMwXUAyuhMqXVKdxHfTNVYNFdiTncaX98G47PmEGwt+2ElubCqw9FZwFp2AEZIgk0Zp6i7rth672N5VofvxkzYtGGwaI5gsskfo1VeMEs8YamnUihPoS3LfckBGJCy1Tb9eSxNl8M+ngz7YDQWes/B+ioYIzU+6H/GwYcSAibxntVrTClOoj6FMeEA6CtYk/PGm5g3puP9C0/01Higr9oPo5QsLX7QFbHQVbgb5ioWbKoTGJcEoTrJTeIAdDx0fzxMBmFmiA9DXQTItABoio9BncfERwkXM0pv6IuZeFkWiKRHUYgtiMDlzKP28GQu3/GIrwuY2m6xL5UiBbI7XNhNAnzpSUZLric68l1RWxmEtNpokAYReqZUELbGIUroBf9bzgLHL6iymUPtFT5ofxqFMU0i7GPpGCYvoejqNvByQtHQW4iG/mLQS6COgVB9gwYsrJkBakDqNAX7oBIEQJbMgbYkBKIrW3H2ng8Uhif4e8n1IhqwfgqlKYww6V03aKmJM7efwad3YTh8exfyVNeQo+KtmnOUvI0T/C1xolu6OMEVmjwOsrIJRAr2Il91fbUzvdP1mjfYSM/jXbeUx7rwS6NdLLyYnfbAOOefdGxK85Qe0Gd+Azr0uSlwBNX8AAAAAElFTkSuQmCC",Customer-focused even-keeled throughput,7/21/2023,7/28/2023,9/9/1966,(989) 4304466,Saginaw,Michigan,United States
20,Pyotr Hannabus,"data:image/png;base64,iVBORw0KGgoAAAANSUhEUgAAABAAAAAQCAYAAAAf8/9hAAAABGdBTUEAAK/INwWK6QAAABl0RVh0U29mdHdhcmUAQWRvYmUgSW1hZ2VSZWFkeXHJZTwAAAKiSURBVDjLlVJbTNJRGOehXtl6dD20tbV66cGtrfnUU7WW09Sl3TRsokucuGGZInIXRRAFEQhMBNMCUkEDuWiKrTC1uTJvqVQP9dZDDW1p/TrnT2u5XNbZvp2d75zf5fvOxwLA2i2aJuoTqjEZe6e7XcHqqCJhnWmHclSCumA1+78IGsblidszbQi8G4R5yoDaQBUqfRXsfyIglhOWaQr2wbXihP/NAPRPNBB4y8FzF7P/SlD/SJowTxsQeOvF/ddOOBatqBoSYCjeD82ECtddXBR257N3JFCOihOmKT38BKyeUEI5LoF9wYLOBTPuLnXCF/dAGhbhiv3C+h8E8pG69fZnrcSuF6ufl/BlawO9s91QjNUlwWseSMJCXOrM3dxWgmGy+ZAsIvpqnGxhalVHlQzYFDUi/nEVqqgM3jU3xCEhVUZ+10Xk2XL2MASGSa1IRiy1xXQM+N6yg9gWM8oULB+WJMHBGqqM2IfHqB2+hWxLhoIhoJYMsWY8JA3qXe5iar0zb4Kc2FaNyzCw6oYoWA1eVwEE5gIUN2eioPEUMhpP4Iz+5D6WYkRsJwHbcxMG4w9QOchHx6t2OBc7CNjFqPG7CyF1F2JozojZ9yHowqXI0x1FWsUBJ0sxKk6hLuiQmKZaGbuOBVsSTHJcDwcc9Wl4X7bAO68HXZoIF7pICY7zUjaYJtb4b1jtMzYIfHzon2rRv+KC0H8T561ZEBKSdGEq/HM2/L58L4yUIPkVlT7+YWm4diu8FkCZpwSEEFnmjO+k08M5lsyatLL9G02ha1CFOAxYFeRsd1DeV7qXTFc/t4fzjd/HwzlT+mauLfsY6fRBek8eKnI0R6ANFTHKdKdnktf8GqKiHk7qVcflafJVZ3cab/K4gcQnavvn3kDzPwBTBMCdhxN/5wAAAABJRU5ErkJggg==",Seamless demand-driven neural-net,7/3/2023,10/25/2023,11/17/1957,(757) 8473245,Virginia Beach,Virginia,United States
21,Wynne Townsend,"data:image/png;base64,iVBORw0KGgoAAAANSUhEUgAAABAAAAAQCAYAAAAf8/9hAAAABGdBTUEAAK/INwWK6QAAABl0RVh0U29mdHdhcmUAQWRvYmUgSW1hZ2VSZWFkeXHJZTwAAAKbSURBVBgZBcFNiFVlGADg5/vOuffOdcb5cbKcjUn5V7poFJEiKMKybDYFgdSmKAiiokW1aNHSXWQQuGwR2KJFq2hTkFqUEbZRMzQIJS1nbPxjnHvvOd/b86SI8OSHx1/uT/ZeyslujCGBhEhE0ZTy5/Vr8V26ufzeiSMLQ4AUEQ4c+vHE52/tfiDnNB1UAoAICIu3R47+et0/FwcrZ0+fW/fDkYUB1JCrtK1bV9NnrqpySiSi0EbRNOHOqPX4lrX2bq2dLItromxffuzNr2eOffrsIENKaSIiqm6VdTJ1ospUiZTIEoq5ya6FPXM2be7168nxz6De+c7vhx+a39h/48tF8zN9nYqfrtyx956+4aj49swVMxPTtsyuc+9EpdepbXp41rGf/3oBL+ZmEKfunqiNBfv3TDl+acXqMDyxa8rlxaEUvH5gvQvXkpMXG9+fX9HrVFKdG8iKX26sFM/vGFen7PbSsq29WpWT01eW7Ns2Z02v0utWxrqVsW5HyKQM6mht7lX8duGOj7+5ZPv96y3913r/i8sU9j86Y9QGKUttEjkURAB1jMq4YClluWV6NUlTterSooN7N8opqasgEkFI2kJbgBxDvWiTs+evOvTKg/qdZDgqbq0Uj+yaBEmSIqlzUuVkrJO0TYC6jGKuSnSa0O9mf1weuNHe9PTWDUqEErSFQAki0amyZtiAOrVp6tz5qw6/ep8miqlOdnG59cy+WSWAKlOhkxMoEUaDAvKFr3Z+MBhdX51eW4PXDm7wyds7AAAAQJQwWm1AhmZQSlNKAAAAAADUdS5NWxqoYbTa/jvere6SRuMRkQUFMNWvQQT9TpaS0qnSrbYpf0MNKcVHT717/LmU0nyINQCCQAggwGop5VSdHYX/AYn4JwmEykruAAAAAElFTkSuQmCC",Right-sized human-resource complexity,7/24/2023,3/18/2024,8/11/1961,(561) 6429040,Boca Raton,Florida,United States
22,Jane Beinke,"data:image/png;base64,iVBORw0KGgoAAAANSUhEUgAAABAAAAAQCAYAAAAf8/9hAAAABGdBTUEAAK/INwWK6QAAABl0RVh0U29mdHdhcmUAQWRvYmUgSW1hZ2VSZWFkeXHJZTwAAACwSURBVDjLY/j//z8DJZhh1ADsBuRPiazJmxLxKa3P/39ki8Mnzwq9GqINyOgPbGhcnfh/y5Wp/y882/W/f3fW//B+3f/m2ZI9RBkQ2+7yfePlCf83Xpv0HwR69qT+79+TDjLgO1EG+FQb/t92Zc5/ZLDp0lSQAf+JMsAyR/p7966k/+27EsCa23cmkOYCoMKW4B6N/727UsA2g2gQn+gwgBrSAcSfQM6G0h2jSRk3BgASP+M7I0sypgAAAABJRU5ErkJggg==",Profit-focused executive contingency,8/12/2023,5/17/2024,8/4/2002,(936) 2285962,Beaumont,Texas,United States
23,Crystal Whelband,"data:image/png;base64,iVBORw0KGgoAAAANSUhEUgAAABAAAAAQCAYAAAAf8/9hAAAABGdBTUEAAK/INwWK6QAAABl0RVh0U29mdHdhcmUAQWRvYmUgSW1hZ2VSZWFkeXHJZTwAAAHcSURBVDjLhZPZihpBFIbrJeY2wbcQmjxdIGSSTC4zQxLyAK4o7igoKm7TPW49LoiYjqLG3DWpZmx7/tQpsR1xycW5qTr/9/+n+jTTdR3dbhftdhutVgvNZhOapkFVVTQajSsA7FKxTqcDx3GOajqdSki1Wr0IYeRMAsMwpPNkMnEhdCZSoFQqnYUwikzN5EYH9XpdNU0Ttm3LcwJWKhXk8/mTEEauu0YhfhKRDcuysDBt5H5tk4zHYxSLReRyuSMII+dd5M1mAxL//uvgw8Mz3t4DWWN7NxqNKAXS6fQBhIkZ+Wq1kk3r9Rpz4XytPeNLF/iqAx8f9pDhcEgpEI/HXQir1WpvxIx8uVzKps7Kls53AvCjB3x7PIQMBgNKgUgkIiGSUi6XFTEjXywWsunxj433qoM7fQ+51oDMzy2k1+tRCoRCoSt3lkKhoIgZ+Xw+P4J8F4DPTeDm3oK92aZIJpMIBAKvD15UzKdks1k+m81cyDsB+SRGuG2tYVpPL8Ued4SXlclklFQqxWkTCaILyG3bgWXvnf1+v8d9xFPLkUgklFgsxmkTd5+YxOL8QHwWQBWNRr3ipTktWL/fPym+CKAKh8PeYDDISezz+TwnV/l/v6tw9Qrxq3P3/wBazDrstPR7KQAAAABJRU5ErkJggg==",Universal bottom-line application,7/29/2023,8/3/2024,7/11/2003,(818) 9586984,Torrance,California,United States
24,Rozina Muskett,"data:image/png;base64,iVBORw0KGgoAAAANSUhEUgAAABAAAAAQCAYAAAAf8/9hAAAABGdBTUEAAK/INwWK6QAAABl0RVh0U29mdHdhcmUAQWRvYmUgSW1hZ2VSZWFkeXHJZTwAAAJ0SURBVDjLlZNbSBRRGMe/2XRWZ2/D7G4sSuYaKVurhMZaIRbm6iaGERSSbz0EPfTSQ4j0ZNRLQq8WPaQgPfQaIWmUJWwrSYolkW2ul7S0Rrbcy+zM7vQ/EovJ2uXAj/+c833nu5xzhtN1nXKN+h6Jc1Sqma/fhPHn574cpG2GYTuDt9quHbe0U0vRiZrqXvHZfwXoHqnTfaZWg8ceII90jPy7mo5W9Vjv5fLltrZwa6RJLzbVkstWQys/FiiakEng7TQ6N0iD7x4vhK+mSjb7522NmFb56PRqKF+OyYLbcQQlFtCT8H0aW5ygHUTiX1uYX75WL690C/PRScwyZDDoNCtPU1vlKB0ueGBpvXy76o8BTpUmu1x5CpGWT6Rn0CMrk6fIdIQcXJwaSjMXfjuDqampXk3T6gGpqsqDMq/Xy918eoaUtEJriSjF1QQdiHcmTjYcKhweHo6nUqk5RVEIumrARs3pdHoQzIOFKzzPc8Fg8GWj2EW1+qX209IN8lPn2d0OoXBoaOiuyWQSksnk9YqKCg+ClHGhUGgPx3EfYrFYMQLIYB9YgnEnywTc+I5Ai6CfoS6wZjQal2RZfmTw+Xzh9fX176jgExxaYBhHBr8gCJPQgNlsfg1thr6FPWCz2Zg2ut1u1sKLjXcwiIHJeRhYBeXQZWgJ9COrAMyyOWDrTpyTDCLovm3jFpDhzqYKJlkGq9X6imUURZFVFJAkaQLzJugbBGlGgCUwln2J/f39KgwWOJWy04WWQ2fAXvAezm6wCFzIvB9c7Ovrq8u+RGzIAwk4068ryoJNWdh149ApnU4/zPkv/Mvo6OjgmQ4MDKR+Apt6owU5Oz7IAAAAAElFTkSuQmCC",Universal full-range internet solution,7/24/2023,5/16/2024,12/4/1994,(804) 7963717,Richmond,Virginia,United States
25,Priscella Lawey,"data:image/png;base64,iVBORw0KGgoAAAANSUhEUgAAABAAAAAQCAYAAAAf8/9hAAAABGdBTUEAAK/INwWK6QAAABl0RVh0U29mdHdhcmUAQWRvYmUgSW1hZ2VSZWFkeXHJZTwAAAKDSURBVDjLhZNfSN1lGMc/7+939ORU1C0iszwSG2duOFqNBQ2meJUoY4MixiiKiCCGMMauZYJ00252uYIuRlsgKJRsDLE/VBIhu3B/knVmInpy/jnrpB71fX+/99uFO3KkrAfei/fh+Xx4eJ/nNZIoRtx9Vq6xCTs0hCTwHnmPJOQ9ya4u+PYHKkdumSKToCQURVvFRXBLUhRZV4oQbBO4aBOIYxTHBOlVyt6Y3brL+/8RWIesJdi3D8UxiWN5glfrYM8yQToN6+vI2v8U9JrZLGFTE+HLKcwLqwS72wmOGRKpFP7X35B1vTsKktev9ZD9o5epacJX1gga3iKofQ2lsmjiAXow2Vt773ZPKWMk4X5KVUhhWl6hF/j+5z5U2+IHZUcvQFCOnf4SNzD+tVrDi1KA9yJ2hYX6N+enjSTs9/Uz2tXcIPFkCiKoOw67Usg9Ri6PWxonLswjDN457PIUNrf4jpFEYcCc8I4vwgMfVSUaTiM7h7eP8S4HcQEUgUlgEtX4yJEfu0Zu7O5XJDljiouUv2r2+pih8v2n0uHzJ5F9hKJV5AsoXgMTEuWyzN3sj+0yPYcuq2/bI9a8rQxJjqz/Pjjo/7oPEtIG8hsgiyHk0Tf9ObdBRxH+xxTqTmvFVFQOu3wGGUAegwFtLhEhKy2faHjHMQKIpzrL6l7CmASKImwuiynbTVBeQ/kzzzbeuWhaSuu3/YWlwacrvGgPaw+Q/+USS6OjGQw/Vqb3vlu9v41k/UFyD+c6gTv/2kEcR62m6sWKhaHzLHw3eiVyHG7+WO/9OZHpmBz4bNauWdZX6dzesrR1Zj7l/Uwfk3fP8XppXhI/d1MzcobPb5ziXmn+b0pcjPW7AMpFAAAAAElFTkSuQmCC",Open-architected tertiary circuit,7/30/2023,7/8/2023,8/26/1976,(605) 4641595,Sioux Falls,South Dakota,United States
26,Sky Lathan,"data:image/png;base64,iVBORw0KGgoAAAANSUhEUgAAABAAAAAQCAYAAAAf8/9hAAAABGdBTUEAAK/INwWK6QAAABl0RVh0U29mdHdhcmUAQWRvYmUgSW1hZ2VSZWFkeXHJZTwAAAJASURBVDjLhZLNa9NwGMe/WRKXpp19L6WrdVsZHgq9aBF2cFDRDi8WxJPssqMXDx4H+xuGFDz1YC+eBvUgnWDc0FqoL+CmHlylthurdWqG7bY0zUvtL5CSxYOBh+f5/fJ8P89LQg0GA9ifu68XMzOB8INJ/kL8WKGwf/y5WW817z/KrBXtuZQdMBRfuz5z+emcb4E97LvwtXsG3aMOfiiP1Y0Pwu3ineenIGN24nm//+GsN8U2dQ3bf4BnByJe0luIhsKM1+Fatecz9ovZs9NT7+QaPFoKG3sStOgOPrFPQP92YtoTif4XoOkyTmTgTUvHN5EBdxKFo7sEyr2Jnlr7Z1+jEarVqlCpVAa7P0U6pEg4kmqgxjgcfPdAP9xDnAPqu7/oQqEwyOfzwinAUDzvcDjSyWQSVzxZ7Oy/RSZE45JXw9w5BTeTW/jSfo+l1D1ks1kEAoF0LpdLj0ZQVXXF5/Oh3W4jPD6Ji+O3UNxeg6q9AsP28bHVwo2pRfBdHo1GA/F4HPV6fXkofUGVy+V5nuc3Y7EYOp0O+v3+yIZgkM9MURRomgbLspiYmIDT6YQgCAR2lVEUZSUYDGLojSSO4wwz/w/irbGu6+j1ekgkEqjVassMqSJJEkRRhCzLoyRN0wxvns07cmYYBm632+iQANKkMmnZTLAL7GfiXS4X6TpNRjBIxMyq1sp2iPnO1DGm0BTbIfZRzJ2Q2AAQkt/vH1WyJpjLI7F1ocQikcgIsF4qlRbMlqwjWWPrmJau1/8CtF7RM3ksOU0AAAAASUVORK5CYII=",Adaptive grid-enabled customer loyalty,7/16/2023,4/30/2024,2/19/1985,(806) 7731270,Lubbock,Texas,United States
27,Ashly Nevill,"data:image/png;base64,iVBORw0KGgoAAAANSUhEUgAAABAAAAAQCAYAAAAf8/9hAAAABGdBTUEAAK/INwWK6QAAABl0RVh0U29mdHdhcmUAQWRvYmUgSW1hZ2VSZWFkeXHJZTwAAALMSURBVDjLfZNLaJRnFIaf779PMuYPmSSjCUmYKBXREBLwEhUXIm2otlRBN1WsIoJLRcRdN0VEcKWgC1trV7pQBHGjokKrYBFNWsQk2gwpphNzGWcymcx//T4XIWpQ++4OHJ7zcnhfcenGk9NSiu9nA+n4ER9LLRxNAxyTiwe+6z4MYEgldm/b0NLgOI4QQuf/5EmIo5Brd1/+AMwBZn1p27Yjfrv/Bo8pSmKQTHqchFkkUpL8dIJnL12q1AoMUhzdmSGWQsxDjSACTdPRBATaGJn6cWxrhKJfIoojDNumvWUJ2eFqaq16pFzoygCQgKYJfDWBZb6hUCnixx5BFBGpMrZtU/YTpBIaCrXgMe8BQqAiiR+HeJFPJfQJZEQsARGiZEy79SeFmz/yVbLD7f/luBLe6F4DQKk5gEMDpXIOpZv4skwQxZh6gnIpydq6SXob8yTqd+NmuihklzNw68Kp9wBNkNSbGR17jevkqKrWsEXETL6KVGmGXWvqqXG7yf/zHEsELKpZTDLV6hrqQ4DZSFOii1dP71Gb/A8Rx2Rsm+2bV1PbvgU/dxmrSjDSN0DoBVNeZWb9OweDUweJpSSWki/8CXpa2hBmkabOLtylX+ONnkezIsxkG5qXVeG0t2X1kdtDhlIKAfTOBQsAvaNAYfg+y5qW4i77Fm/0HJoZEUxnmHzQx6Pq/eU9B3b0AWjiE3n1J4dIORaNK7cSjF1AtxT+dBuv/3iM3XuWopWJ53c1xxRFZEhneh2di3tY9O8r0pUioWwm9/cZJB7lfDOTjwao++Ycdk0KQxfvLhqWIa5cvTfcE8SqQylIZ391dx76mcHLRxn6/SF2aydePidHWg/Plh8UYkMvYGpcmgcIpRba/+ngqvDY/kMGWkzfneuMZF/MuA11G7880d//qYJ9BNi1qa7S3Z421qzIoEz/YWV8Yt+2k38Nf66hbwFu+Dui0xbh3gAAAABJRU5ErkJggg==",Managed maximized instruction set,8/2/2023,12/24/2023,10/31/1961,(415) 5430445,San Francisco,California,United States
28,Felike Castri,"data:image/png;base64,iVBORw0KGgoAAAANSUhEUgAAABAAAAAQCAYAAAAf8/9hAAAABGdBTUEAAK/INwWK6QAAABl0RVh0U29mdHdhcmUAQWRvYmUgSW1hZ2VSZWFkeXHJZTwAAAJGSURBVDjLzZNvLNRxHMc96qGt5z3uH3FIrEUlItel5VLtbjbcdJhwOBoiRpy1zhNNVsymKbNl0mit0hbTH0dDtRul21iju19cjuN+r760tbWVZT3pu70ffl7f9+fzeX+8AK9/kdf/AZAL8zRCX4SkNXnyDZLHkCWtZmZIK2nnJbcuRVpOTJSWzp6TXPFqafF43Jzz6DHtOkAUJAg56e2B/n4YGQGrFcbH8Tx9wlxrK/aWFuabm3E03MBmNmO7VMpC+BHnfGhY3BrgFTcboasL2tthbAyGh6GjA09+Pja9nmmdDntKCrNaLa9VKt5VV2PNykEKCLGtAfxlo+GFXFMF4jemplh/fX141GqmlUo+x8byVWgyIoK3lZVM6lKR/PfNOHYFJKzPQPS7VfT7wFNWCp2dMDMDFguyRsOcKHQIiCMmhomqKj4k6ZD89k7YdyoUv2xhRZ/q7U5O7l4tKICBARgdRRbWpagonNHRzJpMfBTFDt+gCfsOvz2/XeOSRuvtSjjT7TYW/ACIGTgPH2aptpZPmVmUN6rd+junhzbMweKJk97fYpQPl4tKkNvaWKmpwZ5toKRRLRc/zqWw9wLxt5SWDYO0cChy2/z+g9ZlQx5OgwFjU7xc9CiHpjf1NFjqSLubRGRt2PvwipAtf0yYFBjqI/odrLimciXePuXOvZ/O9SEzdS9NZN9L50BZsCv4oqLnryOrqo/CPFiNqb+c2KuRBBn9Qjd1C8IyV55fpvxZMYF5vmz6mIRlhGUUOT7sztj+E/Ad9GPLsXC6ErkAAAAASUVORK5CYII=",Integrated asymmetric knowledge user,7/13/2023,9/17/2023,2/28/1975,(303) 1433769,Denver,Colorado,United States
29,Erin Stickells,"data:image/png;base64,iVBORw0KGgoAAAANSUhEUgAAABAAAAAQCAQAAAC1+jfqAAAABGdBTUEAAK/INwWK6QAAABl0RVh0U29mdHdhcmUAQWRvYmUgSW1hZ2VSZWFkeXHJZTwAAACoSURBVCjPY/jPAIMMCgxmYKiAEAOKwhmMDGZ//v/5/+M/qhI0BW/+gxQBlTDiUPDl/3v8Cn7//4VfwR/cVkB8kfI27S0WR+7rm/ui70X7i9YX88O7whtflANh7ouUPqgCBsbZLyBGAq1hRLBiX4BZiODBxgIpgAWPOYM/BgukGCl4En9jsswYkIIHKIzBgiiABg9QGINlxoAUPEBhDJYZwhdmDDZYWAoAtTEEdnXdy7IAAAAASUVORK5CYII=",Programmable content-based challenge,7/13/2023,1/2/2024,5/13/1988,(812) 5059750,Bloomington,Indiana,United States
30,Jayson Vasyukov,"data:image/png;base64,iVBORw0KGgoAAAANSUhEUgAAABAAAAAQCAYAAAAf8/9hAAAABGdBTUEAAK/INwWK6QAAABl0RVh0U29mdHdhcmUAQWRvYmUgSW1hZ2VSZWFkeXHJZTwAAAJKSURBVBgZpcFdaI1xHMDx73POs7NzbMO25qXFGikRkmQXLuQlL3GpuHDhwkuSC1dKaQp37pTszhWFFJFGLG1cuDG1cyHKsnm3tXP2nGf/5//7/36myI2i9vlEZsZM5JihHDMUn7351fgLUcV7xYngPaRipE5wXkgzI/FKmgox0zYsK/GHIWqEYIgaEgwvhlfFe8OL4oOSidLz+DMxv1RqQlAQNSQoWTC8KF6MTBQngcwbTpTMKy2NMemkEDNtx5pGegerbFnVyEQtcP3ZOHu7mikVIoxpBoPDNfrKExzcNB8nytW+L2jqyTkRak5pbsyjCvV1OdIsUCpEXLz7kQjovvGejrYCK9pLtLcW6JxXJPWKJkIuccLzNwnrl87i9otxinURh7e2EecjJl3AgMQFVGHj8tn8VJ0KOB+wJJCbTI3NK5p4MlRh2+rZ1Jxy/tYozhvJVMAMkqlA5eEVysdXM7CzyNCRZSwt96AuI55IM3wwnpYrrFvSgBlMOsHMSFwAg5XD17CRR3TtP0R950rSV700DTxk0GpEW86Vbc/aZkbGHJlXnCjOG5koTpRMlAP9u9h99ASlt30w2g9z5vIt7uDBg9fElaqQZoGmYp6sLqLoI3y9IRLhJYdXoyX5QHFBJ+w6yW9x90IW8J14LPVcuj+KeUOdYplgXjEXIFMsKFsLLdRe3qPhzjFc+okaUK3k+Ra1EpkZ/9K/r7270NRwelGrxHFuhOpX4d3nfPBTdiYyM/7HwL7Fp5KxD0fyIeoIeRs1uLy9Vy78AKt+cH41HYv2AAAAAElFTkSuQmCC",Reverse-engineered cohesive functionalities,7/18/2023,5/19/2024,4/14/1992,(801) 8255655,Salt Lake City,Utah,United States
31,Carlen Catonnet,"data:image/png;base64,iVBORw0KGgoAAAANSUhEUgAAABAAAAAQCAYAAAAf8/9hAAAABGdBTUEAAK/INwWK6QAAABl0RVh0U29mdHdhcmUAQWRvYmUgSW1hZ2VSZWFkeXHJZTwAAAHiSURBVDjLjZNfT9NQGMbBb+C9GD+DmH0BvQIXECJKEGUmXpp4TyAQAtdotsTFxAs/AFeEhBsTjHEOZFKmMOBCuNnfzHbrunb9cx7f99SVbtkCTX5p057nd3qe9gwAGGDouEUME5EruEPcCHIhwbBlWZrjOJ7ruugFPUc8Hn8bloQFEQ43Gg0YhhFQq9WgqipKpZKUFAoFJBKJQNIOD7KAB5imiVarJc+MruvQNA3lclkKms0meJJkMulLugUcbsMCDigVA0u5Fl4foWNJspNuAS0jGMDXimrjVVZg5gB4fiDkm+Tz+f6CbhZPBaZ/AisnLo4rDdlHtVrtFExmzNv3P31Z2yh52Cx7MB0/rGgepjPA033g47mLYt3vpF6vXwqmfuFu7DeKL7PA3CEwqwCq5QtWzwQm9oCxNBD9DnwuOrITJhDMZLHDwcmUnlv/I/D+Qvifq+niyQ8/vJwTWCVONVuWy//DpUDB32dUUOTd1nx73RXTxcKxwMMU8EYRskzbtiUc7hCMZfBhitb4KO1ZMSrrBfF4Fxj5RvfotQ9VNwiHCQQPdnFzNI3taMqzxikQpVlHKRzbF/ha8eTsvej3GUW/fdADLxD8l9yjggx+cJ0wjdXl7g0Jhlhyje3chrf+0D9WXtarnqRU7gAAAABJRU5ErkJggg==",Right-sized local parallelism,7/27/2023,6/30/2024,3/4/1967,(816) 6836355,Kansas City,Missouri,United States
32,Maxie Huttley,"data:image/png;base64,iVBORw0KGgoAAAANSUhEUgAAABAAAAAQCAYAAAAf8/9hAAAABGdBTUEAAK/INwWK6QAAABl0RVh0U29mdHdhcmUAQWRvYmUgSW1hZ2VSZWFkeXHJZTwAAAJOSURBVDjLjZPbaxNBFMarf4cFwb9AIgXBR18Enyw+i1gs4g01kphSlPjQeAtNzNqGNLVpNCGhEvBS21Rr0ZIK6ovFiKbNbXNpdpNsstncUz9nNiauErEDHwMz8/1mzjlz+gD0UZGxh0hFNPAf7SXa3fUpAKparVZoNpvbrVYLvUT2YbFYTEqIEjBAzZIkoVwud1UsFiEIAjKZjAxJp9NgGKYL6Zh3UQA9UK1WUa/X5ZmqVCqhUCiA4zgZUKlUQC+xWq1tCAUM3v6+74hu2cH4eUz6OcwFcvgYEmUANYiiiFF3Aq5XHIJRCeqHLOJbFcg5OW6Mqm495fL2NznYl7OwveYxsZSF6QUHEpIc9+eQgOvuFL6EMjC6wrg4GZZfIwOGbazX8TaPY/qAr5Ms72oOBt8WknwVem8KWmcCY0/S0E1HcXYyhjNMBAYH2waYF8izl3I4eGLqmjLjz9by+PRNxCMS0k0C0c+yMDjj0MwmMOGJ4+Vqtg0Yn+dwf5HH/sG75/4uWzAiwbfCQ+dMYSGQxdhMHMPmMFY+8MgX623AiDu9+YAADg35LErzHU8SGkcSI4+T0DoSuGRnoZ5mcdIUwdC9zd85OHpjQzP+nMOVmZj4NSZBKNVh9LbN6xslnGai8CxmMP+Ol81criwntgugZTysDmovTEXEUVcKV8lt520s5kjJvP4MTpkjyApVXCZmvTWKRqMh6w9A5yO9Xy9ijUgZCi1lL/UEkMUf/+qDHtruAn5BDpAvXKYbOzGTsyW5exWAfgrZQTt3RFu//yfHVsX/fi5tjwAAAABJRU5ErkJggg==",Focused responsive local area network,7/25/2023,5/9/2024,5/5/1973,(214) 8800979,Dallas,Texas,United States
33,Brinn Ludwell,"data:image/png;base64,iVBORw0KGgoAAAANSUhEUgAAABAAAAAQCAYAAAAf8/9hAAAABGdBTUEAAK/INwWK6QAAABl0RVh0U29mdHdhcmUAQWRvYmUgSW1hZ2VSZWFkeXHJZTwAAAJFSURBVDjLpZNfaM0BFMc/v7s/pv25tnsXlrzo2nav3d3y4CaelqLw4l1JEVaUl1GeUHtQXpiSUvKqZFFWJtFajO62K/KwlXQn7syfe+3PPX883AkNKefl1KnzOed8zzmBu/M/Vvm74OnMiayZJlTNVfXO2fT5nX8ChJYm9zRhJFrrWok1xAJRTf+tgyWAU6neDwuyUCx5ieJCEREZ+xsgcHfOjJ50M0XV0LL39sa2QEwYnRr7JKKqqiER4cru641LNFBT1tfGMDfMHccCNcMd4s3xsLribjyeePp7EVUVdcPcyBVe83HuI+KCuRMKKjBz1oVjiMgfAKJk81kaqsKsrG3h/dc86loex+dRUwQlUhdhz7VdLiKIKLcPDATBz3dwbPCgx5vjZKczqBnmirihrjRUhVlTvxYzxzEGRx5w99Bg8MsdiCjqimjZ62KymmIz87x5+YLZ2SLF+QJuxR8jHL13wEWUFTUrUDNKXiprYoqYUZ13ossr2Lh1E2uaYtx/fpPh7EPS3S3nQt8rJ1a2syq8isnPE8SbkiSakiQiKTqiKWSqSKqtEw0pnau3oUGJdMdmgCOVACURBCXz7hkbop1MvJ0kl59CVYmGo8x8zlMV1LGjfT8Ax7su0z/eB9yqqQSQkqBmJCJJRI1cfoobe/sDgO2XurxQmOZ5bojR3CN6tl2ld2AfNRXLAObKABGevBpBVFlc0dwPYcWorw2Gx4aCzckt9I/3UR1U8ijzAOBi8K/vnO5u6QUOA/XAF6Bv+EKu5xvVXGolRpHH+AAAAABJRU5ErkJggg==",Fully-configurable modular functionalities,7/24/2023,8/14/2023,5/4/2001,(215) 1962448,Philadelphia,Pennsylvania,United States
34,Robina Drane,"data:image/png;base64,iVBORw0KGgoAAAANSUhEUgAAABAAAAAQCAYAAAAf8/9hAAAABGdBTUEAAK/INwWK6QAAABl0RVh0U29mdHdhcmUAQWRvYmUgSW1hZ2VSZWFkeXHJZTwAAANCSURBVBgZBcHbT1t1AMDx72lPKS29UCiz0BUMQxwwJptMSIAZzRgu6oOJ+jKjkQdjTAx/gI9mezAmJkb3ppKYqHsxe9oMOh0ZODd3xYVtFOLK1dG0pYWensvv4udjaK0BAACYmp8cAz4GjgEtgAmUgeta6XNfjn33CwAAgKG1BmBqftIEpoE3X8+cCCZCLVSsBiwXhLQRPOHy1iUhhfxVCPn2N6d+2gMwtNZMzU8GgD8Gk30jJzMvUbGDOLgsVwzqdJCCpdDCJYTFlnOVm5s3F4Qnjv/w1oWyDwCYPtrcPTLaNkhRung+AyF81EQdFnUUnSDbdoj1coD2yAsMpp497DrejwD+0vjqKPDZ6e7X/PdllS1q1JRgz45QdAJUbMhu7FKuVgkmChjxLMPJg1xevNH5/fXpe/6hySNfTLQNHTL8IbZ8AvQ+WmWEW0/81Gwfixt7qPoSwY5HOLEseVXCLEkONWd8tx4/bDKBY5lYmrvWJvl6H73+AygEuW0X264RT2kqTTMsqx1wNI0iSDbvcOLpo3iO6DeB5rDZQM7aZNuxiIY72XGjlEqKeIvNvoRFXg6QvnMOaVfJZw5S3AkTCUXxXNHo01obhgbXqaCtVkxPcukvD6M+xNayydpqjDYnhPA0+5M9BJfv4Nk10BohhGFKoYoVt5Ju9jcSrX+O9byJ7QVoVR8RD0ucDY/dnCDd1EVPaohdu8rC+u8UqxNIocqm8MTtx8XVdFc4w2//zdMY7qLOn0Eol/G+95BaIZVEodksr9G/f4Q9t8YnFz4Euh/4PFd89fPDWdERacG0NigX/iSRcLCFi9SKXCHLv4UlVvKL7NQK5IorDGTGeCb1PLuBe6O+b189P+M63sWZxVleTA8Q9zeQiChsYSOk4KlYO6lYB63xTgL+EC3RNLfX5rm2csOyXGImgOd471zJ3p1zau7hiSPHebRt8o9wmL72Oa5ysYXLgWQvw50n+Ts3x5WlWScs23uWz2ZrhtYagFe+fjkqPHFeeHL83ZH3TWQKrcMYPoNkvMKnF0/T1zrM1aW53Qbd3rtwZmkdwNBaAwAAMHJm6A0p5AdSqn4lVQIAKO/47yeFIlBTMrB9VgsAgP8BON24AjtZfcoAAAAASUVORK5CYII=",Monitored zero defect core,7/12/2023,1/3/2024,5/6/1978,(515) 1199982,Des Moines,Iowa,United States
35,Quentin Arndt,"data:image/png;base64,iVBORw0KGgoAAAANSUhEUgAAABAAAAAQCAYAAAAf8/9hAAAABGdBTUEAAK/INwWK6QAAABl0RVh0U29mdHdhcmUAQWRvYmUgSW1hZ2VSZWFkeXHJZTwAAAF6SURBVDjLxZM7S0NBEIW/fWCnQgyIT0QQDKJBFBRbsRCt/Ae3VRs7wVpIY6WxkqTXxgek8IGIIQRsYjR2SkhAMJoipDAkXNfi6k18YcDCA8vMLDtnds7uCGMMf4Hkj/h/Ag0QDocngVVgrM68O2DJsqx9/bax7vf7fK2tXgCEABBvftU6vuDxMd97cXEZBFwCr8fTTCbzQKViO71J6SYJIdxYa01HRwuA123BgUAphW0b93AtSZVAIaX6qMF7RaU0WvMh4bNVSiKE/EoghEQpiTH62+qJTIzLbIzic4FypYxXdmuwEKFQyPT0dDE0NOCKVxXMiU8SB6Seooz4Run09HGa2iV+fU5Tsd+5QTqdJZ3O/vhmZ7lt5mamsaWNv22K45sdxgcn2NmLgDHm1zW7Mmwi11umFvvJoBlbaDN1/cR8IVdK3ccIHFkABA4tbnNJgFJdBC/mZS2ejNGA5uBqkwahiSbOAIKi3nEeX2wPAPNAI1AENuMb98uviwGZtIAuD3IAAAAASUVORK5CYII=",Optimized neutral throughput,8/11/2023,1/13/2024,5/10/2000,(701) 1522325,Fargo,North Dakota,United States
36,Rolland Vanelli,"data:image/png;base64,iVBORw0KGgoAAAANSUhEUgAAABAAAAAQCAYAAAAf8/9hAAAABGdBTUEAAK/INwWK6QAAABl0RVh0U29mdHdhcmUAQWRvYmUgSW1hZ2VSZWFkeXHJZTwAAAJJSURBVDjLpVPNi1JRFD+Og58PAss3NSAUOS2SkJGQokCmlTCrERFBkP4GoU34HwwMBNLOTbPxaxvMclpqZkIDiokmWYih4uf7uE9v5z56j+e0aNGFwz333PP7na97TZRS+J+1e92Qz+dduKWQ+Bj3e7ibUdoo7/H8JpFI/DL6m4wZIPjEbrefBwIBp9vtBovFotolSYLhcAjVanW5WCxeJpPJkg5iBExyuVyoXC7T5XJJCSF0tVrRyWRCx+Mxnc1mVBRFimCayWRoPB4Pa7gdRoJgzuFwnPt8PjCbzTCfzwEJAIlAlmVAIIxGI6hUKtDr9WCz2byNxWIcw+78SSTl9/s9VqsVMAPmAOv1WhVNLxaLkE6nwel0gsvlYr15pROgU5jnebVW5qwoik7A9FKpxPqj6q1WCziOY+mHdQI8BFl0QRB0oCYssgZm2TQaDWC+qAf1MWqTMKbNhEUuFArqvWbXdA2jEVQw+lM2NlaGEayRPTv1A5EVbCqBvtgCaELF2IOLwWAANptNT5uBjaVIIoHQ3SM4uv8ChJUa5MLYg7Narfadjazdbus1bxEIEkiKBIIigs1kA+Hx9HLrJWaz2dB0Or3s9/uAbwKazSZ0Oh3wJj1g5Xdh78Zt8O4/AHktQ/fHN6jWP4qSRD5sPeVoNHqC53c4Z47Nm/VE2Sjw09uFW+6bcOA5UAlqV3X42m63iEQema7/xkgk4kJbCtVjrPMh6gLqXfHJbH/vDs+zJmKZ9U+nXw7/+kz/WsHXh2UiEvL57Oq5ZvsNyKLICFmyXRwAAAAASUVORK5CYII=",Robust clear-thinking solution,7/6/2023,12/15/2023,12/25/1978,(617) 5367681,Boston,Massachusetts,United States
37,Gilli Polgreen,"data:image/png;base64,iVBORw0KGgoAAAANSUhEUgAAABAAAAAQCAYAAAAf8/9hAAAABGdBTUEAAK/INwWK6QAAABl0RVh0U29mdHdhcmUAQWRvYmUgSW1hZ2VSZWFkeXHJZTwAAAJ3SURBVDjLpZNtSNNRFIcNKunF1rZWBMJqKaSiX9RP1dClsjldA42slW0q5oxZiuHrlqllLayoaJa2jbm1Lc3QUZpKFmmaTMsaRp+kMgjBheSmTL2//kqMBJlFHx44XM7vOfdyuH4A/P6HFQ9zo7cpa/mM6RvCrVDzaVDy6C5JJKv6rwSnIhlFd0R0Up/GwF2KWyl01CTSkM/dQoQRzAurCjRCGnRUUE2FaoSL0HExiYVzsQwcj6RNrSqo4W5Gh6Yc4+1qDDTkIy+GhYK4nTgdz0H2PrrHUJzs71NQn86enPn+CVN9GnzruoYR63mMPbkC59gQzDl7pt7rc9f7FNyUhPY6Bx9gwt4E9zszhWWpdg6ZcS8j3O7zCTuEpnXB+3MNZkUUZu0NmHE8XsL91oSWwiiEc3MeseLrN6woYCWa/Zl8ozyQ3w3Hl2lYy0SwlCUvsVi/Gv2JwITnYPDun2Hy6jYuEzAF1jUBCVYpO6kXo+NuGMeBAgcgfwNkvgBOPgUqXgKvP7rBFvRhE1crp8Vq1noFYSlacVyqGk0D86gbART9BDk9BFnPCNJbCY5aCFL1Cyhtp0RWAp74MsKSrkq9guHyvfMTtmLc1togpZoyqYmyNoITzVTYRJCiXYBIQ3CwFqi83o3JDhX6C0M8XsGIMoQ4OyuRlq1DdZcLkmbgGDX1iIEKNxAcbgTEOqC4ZRaJ6Ub86K7CYFEo8Qo+GBQlQyXBczLZpbloaQ9k1NUz/kD2myBBKxRZpa5hVcQslalatoUxizxAVVrN3CW21bFj9F858Q9dnIRmDyeuybM71uxmH9BNBB1q6zybV7H9s1Ue4PM3/gu/AEbfqfWy2twsAAAAAElFTkSuQmCC",Cross-group user-facing core,7/10/2023,8/28/2023,10/29/1981,(314) 8790367,Saint Louis,Missouri,United States
38,Kaleb Leathart,"data:image/png;base64,iVBORw0KGgoAAAANSUhEUgAAABAAAAAQCAYAAAAf8/9hAAAABGdBTUEAAK/INwWK6QAAABl0RVh0U29mdHdhcmUAQWRvYmUgSW1hZ2VSZWFkeXHJZTwAAAHESURBVDjLY/j//z8DJRjO8F3q3d9ypOF/9b7y9x7zXAXQFTpPcaiv2VX+v2Bzznv7HlsFDAM857sJFOzIuT/hRO//wMW+81E0T3JQAGls29f8377Lph6rC0DYfZZLQOfh1v9tB5v/u0x1coCJB8zzW9+xv/1/xOKw8zi9AMPBSwPX9xzu+h+/KhqsGOjcgMZddf+rt1X+t26xNCBoAMS5eUDntvx3meDYn7Qy7n7rrsb/9h22/XgDERkDbS1o2d3wv31vy//+A73/S9YXvbesNRcg2gAQLtlU8H/KoUn/e/d1/89YnnafYDSC/T8vcH/ppqL/xRsK/tdvr/0/6cCE/9MPTf3fsr35f/byjP9Zy9L/5y3PeYnTgIBJ/g1+E3wbfPu8G5IWJR7o39v3v3h1wfvIuZEHnJudGhwbHBrs6+0aiPKCe4dbQ/XGqv/Ji5KeOzY6NBDlBd8pPvtzVmb9z16Z8b9hc/3/CXv7//fv7vtfu6Hqf8r8pP9J8xP/A124D6cBbm1uDa6tLg0g54bNDD3Qs6v7f/ayjM9BUwIPWFdaNViWWzZYlJsT5wW7WtuGnGXZ/8Nnht23rLAkzgsU5UZyMQAcp633iiwCvgAAAABJRU5ErkJggg==",Networked 24 hour methodology,7/19/2023,11/20/2023,5/15/1994,(806) 3720184,Lubbock,Texas,United States
39,Rodolphe Merali,"data:image/png;base64,iVBORw0KGgoAAAANSUhEUgAAABAAAAAQCAYAAAAf8/9hAAAABGdBTUEAAK/INwWK6QAAABl0RVh0U29mdHdhcmUAQWRvYmUgSW1hZ2VSZWFkeXHJZTwAAAJtSURBVDjLjZPfS1NhGMfPXfh3OG/E/yBImNkqrYGCzAthh+WNgXihwQYb2CoYukGwsdRLoYUWQbRAhqzc2Q91IrrVhlhLqznL5Tyb23m3s317z1szBzM68Lk47/N9Pud5XjgcAK7OVfM7/a2piE87HalRoLVHStrp1VKvLVi7fE9wns/WaXi58UgoH4kl/CxIyOZ/cyRKSKRFmF/tw/B4p3jl7utLFwp6baHiySnBxheZUkHkM8HKrgSpUsVGWsaDN/tQG/1PLxT02EIlRbBJBZtfZaztlSF8JEgdFqBMdnh8im7LSqWpYHJysqXHFiS5AkGMfi12UP0zRRm+D6fwxvPI0dWu3Q8QvV7f0iCgzQZKnl4WjqkgcVDDeyrYpqLoXoWtsbxTpLUyrlsFDA4O5vv7+w1MQBu7Z2dnEY1GcXsqjCwVJDM1JCixb1Vs0VXCdIoAXSVLBTcfhhEIBDA+Pg6NRtOtCLbpg0wmA7PZ/F8oWUEQMDAwsKsIiCzLUFhfX4coiv8kFAqhnh8bG6txFosFhBDG4uIiUqkUEzVDqc3Pz5/leZ4HZzKZkEgkGG63G8lkEn6/vylKxuFwnOU7OzvBTUxMwOfzMex2O+LxOJaWlpoSi8VgtVrP8u3t7eDoHvB6vQyXywV6Jwyj0YjR0VE2Zl9fH7q6uqBWq9lZPd/W1gZuZGSk6vF42IHSuPD8JZbfBpvybOEFOjo6WHZubg6tra3gDAbDzNDQ0LZOpwPvCqNYIjg6IfhBOcxJSGdL2PtewKeMiKJUBu8MQ6VSKc1bFFPDv8C7ItXhJ2sYdv/lDmOVodR4Z6R6vucXuxIEyKz+W40AAAAASUVORK5CYII=",Team-oriented impactful orchestration,8/2/2023,8/4/2023,4/26/1987,(805) 8162164,Oxnard,California,United States
40,Quinton Ritchman,"data:image/png;base64,iVBORw0KGgoAAAANSUhEUgAAABAAAAAQCAYAAAAf8/9hAAAABGdBTUEAAK/INwWK6QAAABl0RVh0U29mdHdhcmUAQWRvYmUgSW1hZ2VSZWFkeXHJZTwAAAJ1SURBVDjLpVLdS9NhFH724WbTWcpKiTUxWyJKRTdGURaSUt5URDcW3XYZ9AER1UXhTQT9CREE3URi1EUkaGhq5ZSgDzc1tWmaGzrd5m/v+55zurBy6u468MD54Dzn0yYi+B9xZhvxwWOPheWCiECYARYIrejCvKoTT/qbQuUbCISlZXNFC4QFIIYQrcIQ0rEPsBKR5N/kNQSxgaN3Xd6gHQzo+HOINmCtIUojz3cG1sJXWIkI+ZtC3uyi9tXqfD1/y15Q+hvEEESvIM93CioZxfJCBExctX4HdgCYe3/kbJ4n4ILNBUp9hhgCk4GjcD9Yp2AthEGZxebAyaHRnATC/MjlDUJMCmLMn5kN7O4AlueHoZLRa4HmoVe5rmCb7T1U53D5+rz+E1CxdrDSEK3BlgVX6WnEI09EiNXDxQJ3yihc8aQzDmIIcSJ4fqTUKSTtLu9uCGk4i5ogZCCGAAHEMIrLz9nEaHfm00v4fdW4MxVy3y7gtEPTQQBwCrM7Od2VyboxhBkP5ovcwgqKDZQhbC8JorqsDktWCpejffmWUbNvAdhyfeLEiz2d9xOe+uM1F0HCICYwBDOJKIoLtqF37A0GJrvYMqrEmWsxQlxvGQUSxkQ8As0GhjU0aSxmlrBvx2Ekddre/707voFgvK12MN+7C1YsDEMGpUUBGCaQMH4mJlFSWIbQjx70jHbPKYPGNSOMt9UWQuxLQoyrsTSWlRLFCpZRqPTV2A7sbMTHyXfoCL+eUQYN063yxbmu9X4m80uIK59dGktmx2rv2VM2+yZPZ7hjSjEapltleCVJ5B9GnlbVZdvZqLiFVOCmQ7beQEW2/zeRQcHUmJPKOgAAAABJRU5ErkJggg==",Secured 4th generation success,7/12/2023,10/8/2023,1/24/1961,(512) 3169234,Austin,Texas,United States
41,Rebbecca Lougheid,"data:image/png;base64,iVBORw0KGgoAAAANSUhEUgAAABAAAAAQCAYAAAAf8/9hAAAABGdBTUEAAK/INwWK6QAAABl0RVh0U29mdHdhcmUAQWRvYmUgSW1hZ2VSZWFkeXHJZTwAAALeSURBVDjLY/j//z8DDKvNusuTturRzro9L95NO/b674RDr37W73z+Pmnxg9PypRcUkNXCMIaAcu9Nj7rjb24ee/rt/9HH3/47zry7Si7/vKZM5hlGggYodd5g1J9wc+KiKx8+Wk+5vSh367OLlp3XF8kknxbGphnDAIWGK4kbb37+pV13pV82+6xF1Y7nt90m3NwinX3JWrP51hzz3nsHTTrv7jZpvbPbrPXWQc3Sa8sQmqsuq5bsfHF15ul3b2TSzphJx5/UmXLw9Wv/KbcPSGdecFauuDnZZ97jz9kbX/zPXPPiv07pjXXisRfK4AYYtVydufn6pz/zTr77MOHAqxczDr5+e+Dmp/+xs+6eEfM6IKffcGt9wLxH/5x6795NXPbkv0T0+Wax8LNsDMAAYgEGUOySM+8++027s1cy9GikRODhYHG/g3lT97x4mzL77mXJhLMZMUue/rdtu3sZaKt7xNzH/2WizveCwwAYQHrZax5fmnTg1SuJoCOGMBeJeu5VT5px52LGrHsP3Cbff+824d5Lsajz1kBbgyJnPvyvmnhhGdiAjp3Pv087+Op/89ZnX5Jn3N4GEhRx32Mc3HPj5LJDb/5HT7r3P3HJk/9iEWdrwXIhp73Dp97/r518YQvWdICMgc6NiZ7/+H/yoif/U2fM/58zJf5/Wp///6hWj/82ucU3BL2OCOPWHH3ezLr+5mWv3rvffKvrTzeuTvy/5crU/xee7frfvzvrf3i/7n/jdJ15OA3QzL60JmHeo/9iwSebY9tdvm+8POH/xmuT/oNAz57U//170v+bZ0v9wNAIDCRj0dAzxe5tdz54tN35Kux3Itin2vD/titz/iODTZemAg2QxLTZvfPuJ9++u/99e+789+m4898o7eIxyxzp7927kv6370oAa27fmQB2gUW2/H+8gQjDQJtagns0/vfuSgHbDKJBfKB4D1EGQA3pAOJPIGdD6Q6QOADllJVJzH+HzQAAAABJRU5ErkJggg==",Synergistic asymmetric success,7/1/2023,3/28/2024,6/11/1958,(612) 7376356,Saint Paul,Minnesota,United States
42,Harriot Mackerel,"data:image/png;base64,iVBORw0KGgoAAAANSUhEUgAAABAAAAAQCAYAAAAf8/9hAAAABGdBTUEAAK/INwWK6QAAABl0RVh0U29mdHdhcmUAQWRvYmUgSW1hZ2VSZWFkeXHJZTwAAAD3SURBVDjLY/j//z8DJRhM5Mx/rLLo8Lv/ZBsA0kyRATBDYOzy8vJsIP5fUlLyv6Cg4H92dvb/1NTU/wkJCf8jIyP/BwcH/8fqgkUHSXcFA1UCce7+t/9n7Xn9P2LiPRWyXRDae0+ld8tL8rwQ1HVHpXPTc7jmuLi47IiIiP+BgYH/vby8/js7O/+3sbH5b2Ji8l9XV/e/mpoaaiC2rX/+v3HN0/81q54OUCCWL3v8v3Tp4//Fix+T7wKQZuu8S+THAkgzzAVGRkbZ2tra/1VUVP7Lycn9FxcX/y8kJPSfh4fnPzs7+39mZmbUQARpBGG7oisddA9EAPd/1bRtLxctAAAAAElFTkSuQmCC",Down-sized non-volatile encoding,8/10/2023,1/31/2024,5/16/1969,(520) 7515460,Tucson,Arizona,United States
43,Chiquita Jaggard,"data:image/png;base64,iVBORw0KGgoAAAANSUhEUgAAABAAAAAQCAYAAAAf8/9hAAAABGdBTUEAAK/INwWK6QAAABl0RVh0U29mdHdhcmUAQWRvYmUgSW1hZ2VSZWFkeXHJZTwAAAJlSURBVDjLpZNrSJNRGMdlr7qat+zKaoYhjqYphRCWCtKFoCj60CeRpDB0djHUSMOZm0JhGEmlNhczXXunDgy7TNcVcsjGpk6dNsiJyyjWNg3ZnJfef69vMBBkFn34wXMu/995DocTBCDof1h1cvBJnM5RTsBVyYLzBgvfigjopbGDfyUwK+Nfu2RsTNcTDO5aAk4RC1/KQ2BqjetbU+AiOZip/xNyLndQSeCHmMBUIQFzTjDWFDiu0O0qzmJKU4OvPSmYuETAXhKM8WshsOYR0NZlRAUUtOXt+Dk99hYufSu+6x7D8fEAnLozmLEq0V3M8ww1F4QGFEhz+Aa3QQmHsQPeQZJGxdRuEwnp+SRjwCs0FpwIf3guwfayKBE+owxzI50M3oGn0JbuQW323vE7uac2rSpoFB6Pll/M0FjEofDZe2Go2ocu0VGG5dpjUWOEXpPlp72X5h/irhBIcrNYNunp5s+31gFTWmCsAfiQDWiOgXq2H1Q7H1TPSVCfmjBaHY4HFzJfNOQd5vgFZGHmo5n7bEBfQlPMBNGVCqgTQZGxWGjhwivbCKorHb/UybDf5UFekE76Bf3lu5ccz0uxpIgBOvgMlGoXPeZhvnkbHY7GbEMYnHVseKQb4OquQF+JYMEvMIsElFsroTfQL/TqCBYVOzHfsh0++RZ4mqIxJ98Kj2wzc7qtJhLTb6pguJ5A+QXDLZfLTGXxi45762G7TUs6BKtirWZjWByG/opkH52pWvEKEyphRK8oLan9aurkgCSGslRHYVTCwQjNkDgSpptcqrMwafZd2cGUyTZhRMDf+C/8Blefvm4GxFC9AAAAAElFTkSuQmCC",Synergistic explicit concept,8/11/2023,7/26/2023,10/23/1989,(561) 5712374,West Palm Beach,Florida,United States
44,Colan Scopes,"data:image/png;base64,iVBORw0KGgoAAAANSUhEUgAAABAAAAAQCAYAAAAf8/9hAAAABGdBTUEAAK/INwWK6QAAABl0RVh0U29mdHdhcmUAQWRvYmUgSW1hZ2VSZWFkeXHJZTwAAAHqSURBVDjL3ZHbThpRFIZ5i3kcLRYPqIgUGcDhNKBAqyKCobTR2NhiKmCstcWmBmtLPaCO4CQ6SBWVKInx0N70KbjhCf7O3ia0ZS686F0vVrL3Xvv7VvIvFQBVuOITQxfe6tj5IEPu9xW/ZxGcu2aJnAksxW9eYP42hmB5oBY48zAjJ240QoP7HH3j8xYhWgwiUgiAyxpFlTxZmL2ewvrPNBJX0wid+TF0zCsEHtEKGcbT4igWK0k8OwzBumGo0uZoeUCYuZzE0vUcVn6k8OSbUyFwyfDbSgKvShOIFsZgWTfU2K96pv5huOSm8KfvS/AXHAqBQ2CxcJFAsjwDe5YFgWkGdzCPoSMXHhed8BXs8B7YFALbVh/6Nx+RyWAzevR91qEu+Jf6XwRuecdkTSRp27YcVtaoCLE33Qn9sha6D+3oSrVB+07zO0RXzsx4chxmT18ifhqjSTcKej5qMbkfRVQM12EqILA8uRaRgnguhRE7mqJrahR0y5MjYgi+TTfsq1a0vVELVODYMVUJ/Lo0jZG8768d/1md71uhS2nBZxwYzwXRn2bxMNksqLgtoxgQ/RjOe2HK9FCrYaVLIehY1KB9oYVpnVfXnKscrMsmqBNNEm2a13ol05c7+L7SzD1gWpLNVXW8SST3X7gvtJUuvnAlAAAAAElFTkSuQmCC",User-centric neutral budgetary management,7/30/2023,7/21/2023,10/23/1978,(407) 2072195,Orlando,Florida,United States
45,Quillan Kingswood,"data:image/png;base64,iVBORw0KGgoAAAANSUhEUgAAABAAAAAQCAYAAAAf8/9hAAAABGdBTUEAAK/INwWK6QAAABl0RVh0U29mdHdhcmUAQWRvYmUgSW1hZ2VSZWFkeXHJZTwAAAMGSURBVDjLVZNLaFx1GMV//3vnzkymk5lEm/GRzWgVOkVcWRcRLK2YVHwg1geFQJfJIgWhmy7UQl24bcxQGjcqRHfiQikmiIKGKEWE1NqkQmjStNVOZ5J53Ll37v/porQkZ33OD77vcIRzjp0yV94bBTFmnRvBqIqVkbDFl+qksn/Lm1+eLx7644edfnEfYC6/VsYvTDkTTXild/PWBysUziqE9xiEGyRr1dBZOWtkuzr4am39AcAsHy3j7flYlN4et2mN6f6MlWs4tYV1D5F59CzdWzOkCy/jy4TuXx/MGRV/OPSOWveEEJ6x/kkxdGxci1X01jQ2XgRzG4hB1cGlUI2rdDZn6MoNspUz46anpwC8xu/H3xLkJm26i21/j7Mt4N5ZwhMgQuT2LxQOfIaJPXq1eXSQxygmNi+IUS8/PDbpP/F+TgRP4hjCWbvrqV4QoJsXSO5cZPDAOWSrQVT/lcLzn+RlmzHP3fg0b5Nr6M4i6UfO4KQPO5sRApFOkTS+wFlFas9heturuHQRIxnxsHK/9T1U4ytMvIkInsMZA9zjOOsAgUj5xP/9RtD/LKqzjcFHSyqe0RFYg3UC3bqMlzuINfZB2FqwBox2aJVgDTgDVktUDJ7VvRUnDU4MosKreH3PYHoaoyxGg5GgI40K+yjsO0747xIiO4CQEUmXFc9ptUQSIdJPITt/Ejz8ItY7TLIVI1sJSTOi195LoXKO8NYlZPMS6fzT6LBG0mVJbH8rRq1x32QPVvOdm+dxci/9+04h/Aw6uoufKeFI07w+T3NtjqDYT7F8gn+mT4cy5lhq4E27UP9azLp27VRQOEKv/hN3lycRYhjnBtBJEy3vgDEExSLZwRfQtWt0t5h95Tu34AEYSbW5eHYurfvJDU/QVzoCGYGxGwi/RVB8nNzwIYrlE/ixZnn68zkrqO4a042qKJuQKWOYGDp6Ou/6Slg/g9MGl4So5m2uzFTDXptZl6H6xkW3vgtwX6sfidGkxZhVjKiEShJBErEiE5aMZv71H93CTv//ct+662PTZOEAAAAASUVORK5CYII=",Customer-focused web-enabled portal,7/13/2023,5/30/2024,4/26/1973,(414) 9083077,Milwaukee,Wisconsin,United States
46,Kris Boylund,"data:image/png;base64,iVBORw0KGgoAAAANSUhEUgAAABAAAAAQCAQAAAC1+jfqAAAABGdBTUEAAK/INwWK6QAAABl0RVh0U29mdHdhcmUAQWRvYmUgSW1hZ2VSZWFkeXHJZTwAAAFCSURBVCjPfZHNSoJBFIa9qLmMiNbdwGwKClq0ieYGCvGjnw8Kyk1RixZtCiJmEUkQUtn4s3Bh/pZO+pkfSYpvr6OEGMXhwHDOM+9550wEkf/j55ATWZXRaWtsSj+pBzEF5GTW1BGiz+ighqS5lxMA20EXQBdtBPjkKcRdkJBjgOJm2G4iDss4RN0h2lwLB2RU3bUbWKP4FuawgVdW8jhXDkjrkLIWb1DIYJm5SLCDd5xqBzzbPloEalhnHmAGPirU+MKRdUCKQJMlD7MUL2IFZcZQIz4CHnWblgyWkMUCCg4o8T0F7I9GJFUJA1Tpfh67VFhlvqCHW/gjkwlxY1p0XUaMN4u44N0BEd/4YryoK3kZNFj84OQqV9Uj4geenFj1mTwxSRoNOTsPDc9E5dRnHYs9taO3bcxG9aaKiV+/+Vd8AypJdaR1UheDAAAAAElFTkSuQmCC",Streamlined reciprocal secured line,8/2/2023,10/5/2023,7/5/1986,(318) 9507473,Shreveport,Louisiana,United States
47,Andeee Bediss,"data:image/png;base64,iVBORw0KGgoAAAANSUhEUgAAABAAAAAQCAYAAAAf8/9hAAAABGdBTUEAAK/INwWK6QAAABl0RVh0U29mdHdhcmUAQWRvYmUgSW1hZ2VSZWFkeXHJZTwAAAKRSURBVDjLhVNLTBNRFD3TTju1FCcBaxuaQEr94ydiZIHGpcFISBOi0YREZWHCVoyRxKUxxq0LXcACQyLsjO6KjSEiDfHDz0S0CLSxlFKd2g7MTDudGd+bMAQCxJucuXfuu+fcO/PeYwzDALVoNMqRuI3guq7rR4g/SEBC/Svxc8T3EUTD4bCGTcZQAUI+RvxLr9d70u/3o6KiAm63G3Qtn89DFEUkk0lks9lRkrvW3t6e2lCgRZFI5F0ikaDtjN1MVVVjYmLCGBoa6qccC7Z1kQafz4f/WSAQAGlyaXOOpQ+SNNUymQxcLhc4joPD4TBzkiRBEASkUimEQiGzdlcBlmWRy+WgKIr5Xi6XUSgUUCwWzTVN+IAzeOOde71orP0eAaOkbrDWf6Cw2+3mBLSYgny3KULXPOUY2BUB/hMd4IOn8XfhMGYjvU+2TECLLRLDMNA0zYw5JYa6Ghke/hyEn9/gZEqo3OuHp7qW3yJgESjoNPSdlb8gWCOCr29BMT0Ip5tBYnIWqlL6o8irzVsEaHcKSqQCen4cweok+FAblNRz2JxlODx1cEkzGWmVbTl7Z/jHhgCF1Z3GYjIKf+U8+ANhQn4Gm6OMUiGI9MhHg5Gl1sbu8UnKNc8B7Ui3ipxEcwvlpVFw6hz2N1xGabkXdqeBYqEOmfefEZWac4e6xz9Z22hbn+BmLBZbi8fjEBdG4NF/QdUDSM88hQ4FawKJR6cxLDZl86qzZdtdoDYwMBAkQg/2LL/ovNLVh++Dd7G0OAau9hTkrKgnnE39GW3f/Z6enpUdBSx7ePu4eq+zi4VNw+TbV0gsxFd5b9X5i4+mpnY63tsErl6okhvrfWzT0SAMR3FMXsnean08Pb/b/fgHqpjCspi90kkAAAAASUVORK5CYII=",Pre-emptive regional complexity,7/19/2023,4/22/2024,12/31/1967,(727) 6919059,Tampa,Florida,United States
48,Verine Totaro,"data:image/png;base64,iVBORw0KGgoAAAANSUhEUgAAABAAAAAQCAYAAAAf8/9hAAAABGdBTUEAAK/INwWK6QAAABl0RVh0U29mdHdhcmUAQWRvYmUgSW1hZ2VSZWFkeXHJZTwAAAHcSURBVDjLhZPZihpREIb7JeY2wbcQmjxZbrIQ5nKSIYQ8gyuKOwqKihuKKy5xnJ5GRzteTIjTp51e+HPqDDaKSy7qoqvq/+qvYykNBgP0+310u110Oh202220Wi00m000Go0rANKlkHq9HhzHOYr5fC4g1Wr1IkSiySRQVVVMVhTFhVCOu0CpVDoLkcgyNdM0StTr9eZms4FlWSJPwEqlgnw+fxIi0dRdIxe/cMuqYRgw2SO2v9OiNpvNUCwWkcvljiASTd5Ztm0bJLa3GvTpZ+iT9xySErXpdEoukE6nDyAS35Gt12vRZJomTP0R+q9PYPc3MB6+C9AOMplMyAXi8bgLkWq12ju+I9M0TTRtnzp45pOZ8g2G+vMIMh6PyQUikYiACEq5XJb5jmy1Wr1C/vQ55CMM5XYPwr+1hKgPh0NygVAodOXuUigUZL4jWy6Xx5CHH2B313gaXcOxLeEimUwiEAi8PXhRvp+czWbZYrHYg3yAfvcFf6e3eDE2+2KPu8J+ZDIZOZVKMbrEV0gPz/df4ViGK/b7/R73EU8dRyKRkGOxGKNL3P3EJOb5A/FZAEU0GvXyl2Z0YKPR6KT4IoAiHA57g8EgI7HP5/OcPOX//V35VC8XvzlX/we1NDqN64FopAAAAABJRU5ErkJggg==",Innovative analyzing superstructure,7/25/2023,10/9/2023,8/7/1988,(617) 4580881,Boston,Massachusetts,United States
49,Stinky Valentim,"data:image/png;base64,iVBORw0KGgoAAAANSUhEUgAAABAAAAAQCAYAAAAf8/9hAAAABGdBTUEAAK/INwWK6QAAABl0RVh0U29mdHdhcmUAQWRvYmUgSW1hZ2VSZWFkeXHJZTwAAAMGSURBVDjLVZNLaFx1GMV//3vnzkymk5lEm/GRzWgVOkVcWRcRLK2YVHwg1geFQJfJIgWhmy7UQl24bcxQGjcqRHfiQikmiIKGKEWE1NqkQmjStNVOZ5J53Ll37v/porQkZ33OD77vcIRzjp0yV94bBTFmnRvBqIqVkbDFl+qksn/Lm1+eLx7644edfnEfYC6/VsYvTDkTTXild/PWBysUziqE9xiEGyRr1dBZOWtkuzr4am39AcAsHy3j7flYlN4et2mN6f6MlWs4tYV1D5F59CzdWzOkCy/jy4TuXx/MGRV/OPSOWveEEJ6x/kkxdGxci1X01jQ2XgRzG4hB1cGlUI2rdDZn6MoNspUz46anpwC8xu/H3xLkJm26i21/j7Mt4N5ZwhMgQuT2LxQOfIaJPXq1eXSQxygmNi+IUS8/PDbpP/F+TgRP4hjCWbvrqV4QoJsXSO5cZPDAOWSrQVT/lcLzn+RlmzHP3fg0b5Nr6M4i6UfO4KQPO5sRApFOkTS+wFlFas9heturuHQRIxnxsHK/9T1U4ytMvIkInsMZA9zjOOsAgUj5xP/9RtD/LKqzjcFHSyqe0RFYg3UC3bqMlzuINfZB2FqwBox2aJVgDTgDVktUDJ7VvRUnDU4MosKreH3PYHoaoyxGg5GgI40K+yjsO0747xIiO4CQEUmXFc9ptUQSIdJPITt/Ejz8ItY7TLIVI1sJSTOi195LoXKO8NYlZPMS6fzT6LBG0mVJbH8rRq1x32QPVvOdm+dxci/9+04h/Aw6uoufKeFI07w+T3NtjqDYT7F8gn+mT4cy5lhq4E27UP9azLp27VRQOEKv/hN3lycRYhjnBtBJEy3vgDEExSLZwRfQtWt0t5h95Tu34AEYSbW5eHYurfvJDU/QVzoCGYGxGwi/RVB8nNzwIYrlE/ixZnn68zkrqO4a042qKJuQKWOYGDp6Ou/6Slg/g9MGl4So5m2uzFTDXptZl6H6xkW3vgtwX6sfidGkxZhVjKiEShJBErEiE5aMZv71H93CTv//ct+662PTZOEAAAAASUVORK5CYII=",Exclusive asynchronous portal,8/8/2023,8/23/2023,6/29/1951,(510) 1194555,Oakland,California,United States
50,Wakefield Follitt,"data:image/png;base64,iVBORw0KGgoAAAANSUhEUgAAABAAAAAQCAYAAAAf8/9hAAAABGdBTUEAAK/INwWK6QAAABl0RVh0U29mdHdhcmUAQWRvYmUgSW1hZ2VSZWFkeXHJZTwAAAIvSURBVDjLpVNNi1JRGH7OdfKaH5MTQkFhYeCiYTDaSAs3SVJQOxcFLf0TguAfCFwHQdt+gcPsIgcXxYiXXGQKxWSMFor5/XXv6X2P3stABkEHDu895zzv8z7Pe88RUkr8z9g5v6hUKq9Xq9Xz5XK5QxEU1VwsFhzfpNPpZ1sJDMO4RAmvgsFgWte9mFMSLAtKGync2wvi6OjwKa3+JKhWqw85ORQKXfP5fPjy9Tu4umVJWNIiIgmTyObz+XYLBD4Mh8NqMZ3OsKTkj8YJEVjOfJB6pGxsJWCPbrcbg8FgXdk0cXv/jqouN9W50X9VwMwmJTGIfwhLN6ofKJpqv9VqwePxKHA2myVPENwZsnsll8v91FjBuldSJTDB/sFd7O5eRqPRwGQyQa/Xw3A4RCQSEWT3CZNMp9OrjgKbQJFQZZZuGBXE43GMx2OnF7VaTUaj0V+MJ7vSIXCSzTWQCTRNQNd1+P1+dRdYwSZxuYnrHnBz7NvIjWMLctM4BnFz7UbzoG/BVm3lSgEfulwuVdkyOdmywUoFV2dl9h4T2Ao0UvC+VCphNBohEAjAc1GnGygcVf1+n+xoEEKoNcULRCBns5kCaJlMJt5sNh8Xi8WT4+N30N0CN29cx/1kCp/qn3F21sbp6TfU63X8oOH1et+SCpOUKQni/GvM5/MpOnxB88B+TByTySSoIsrlskkwF2MTiYRSIf7lORcKBbPdbqPb7d6jpFu05Y/FYi87nY78DZN2pgrwMw41AAAAAElFTkSuQmCC",Vision-oriented discrete projection,7/16/2023,11/8/2023,6/5/1972,(610) 8167162,Reading,Pennsylvania,United States
